path,family_id,case_label,strain_percent,chirality,delta_k1_relative_to_0,delta_k2_relative_to_0,delta_k3_relative_to_0,relative_displacement,energy_minus_EF_eV
a,F01,00_Optimized_Structure,0.0,-1,0.0,0.0,0.0,0.0,0.00399565
a,F01,Strain_a_Tension_0.1pct,0.1,-1,-0.0003638300000000094,0.00043641999999999986,-0.0021006399999999002,0.0021761257075131454,0.00287102
a,F01,Strain_a_Tension_0.2pct,0.2,-1,-0.0006266800000001849,0.0013545999999999975,-0.00225967,0.002708094808403174,0.00195495
a,F01,Strain_a_Tension_0.3pct,0.3,-1,-0.0008927000000001073,0.0023086199999999973,-0.00239305,0.0034428662327921165,0.00105816
a,F01,Strain_a_Tension_0.4pct,0.4,-1,-0.0011624500000000926,0.0031496899999999967,-0.0025946999999999004,0.004243148028127192,0.00010042
a,F01,Strain_a_Tension_0.5pct,0.5,-1,-0.0013410000000000921,0.0043607099999999,-0.00387592,0.005986386936249559,-0.00052585
a,F02,00_Optimized_Structure,0.0,-1,0.0,0.0,0.0,0.0,0.05899433
a,F02,Strain_a_Tension_0.1pct,0.1,-1,-0.00020842000000009797,-0.0005976099999999984,7.180999999999941e-05,0.0006369719653171864,0.05796364
a,F02,Strain_a_Tension_0.2pct,0.2,-1,-0.0004474999999999063,-0.0014074300000000012,-0.00044530999999990023,0.0015425357211422464,0.05681064
a,F02,Strain_a_Tension_0.3pct,0.3,-1,-0.0007071300000000974,-0.002180730000000103,-0.0007868999999999004,0.002423804402133231,0.05563609
a,F02,Strain_a_Tension_0.4pct,0.4,-1,-0.0009583700000001943,-0.002793940000000106,-0.0012061299999999008,0.0031905051884303093,0.05457114
a,F02,Strain_a_Tension_0.5pct,0.5,-1,-0.0012103800000000942,-0.003924629999999998,-0.0021010199999999006,0.004613244565563351,0.05366035
a,F03,00_Optimized_Structure,0.0,-1,0.0,0.0,0.0,0.0,0.0589698
a,F03,Strain_a_Tension_0.1pct,0.1,-1,0.00020693000000000794,0.0006862399999998936,-6.462999999980006e-05,0.00071966825649033,0.05793641
a,F03,Strain_a_Tension_0.2pct,0.2,-1,0.00045196000000000125,0.0014591199999998972,0.0002468500000002002,0.0015473312310232093,0.05677307
a,F03,Strain_a_Tension_0.3pct,0.3,-1,0.0007019099999999029,0.0022121100000000032,0.0005703900000001002,0.002389864651460411,0.05563141
a,F03,Strain_a_Tension_0.4pct,0.4,-1,0.0009516000000000108,0.0028786199999999013,0.0010644900000001001,0.003213274750857708,0.05455959
a,F03,Strain_a_Tension_0.5pct,0.5,-1,0.001201789999999911,0.003945189999999904,0.0019513200000001,0.004562507324114605,0.05362817
a,F04,00_Optimized_Structure,0.0,-1,0.0,0.0,0.0,0.0,0.00402555
a,F04,Strain_a_Tension_0.1pct,0.1,-1,0.0003459000000000101,-0.00043514999999990506,0.0020747399999999005,0.0021479172237540978,0.00299077
a,F04,Strain_a_Tension_0.2pct,0.2,-1,0.0006184300000001142,-0.0013979900000000989,0.00212372,0.002616680787448178,0.00202076
a,F04,Strain_a_Tension_0.3pct,0.3,-1,0.0008855200000001118,-0.002352350000000003,0.0022974899999999004,0.003405312980182549,0.00113055
a,F04,Strain_a_Tension_0.4pct,0.4,-1,0.0011436700000001243,-0.003168070000000099,0.0026499899999999,0.004285684962045202,0.0002194
a,F04,Strain_a_Tension_0.5pct,0.5,-1,0.0013305500000001247,-0.004410170000000102,0.0037405900000001,0.00593396800459035,-0.0004427
a,F05,00_Optimized_Structure,0.0,1,0.0,0.0,0.0,0.0,0.00318708
a,F05,Strain_a_Tension_0.1pct,0.1,1,-0.00032693000000000305,-0.0008322000000001023,-0.0015557500000000996,0.0017943795940102757,0.00218542
a,F05,Strain_a_Tension_0.2pct,0.2,1,-0.000590330000000111,-0.0017486700000000008,-0.0018427600000000995,0.002608083720933916,0.00125968
a,F05,Strain_a_Tension_0.3pct,0.3,1,-0.0008573899999999857,-0.0026831900000001963,-0.0020440199999999997,0.0034803223914748227,0.00036893
a,F05,Strain_a_Tension_0.4pct,0.4,1,-0.001141329999999885,-0.00343947,-0.0023949699999999997,0.004343785140945595,-0.00064429
a,F05,Strain_a_Tension_0.5pct,0.5,1,-0.0013618599999997982,-0.004579289999999903,-0.0016967700000000002,0.005069870609453318,-0.00130432
a,F06,00_Optimized_Structure,0.0,1,0.0,0.0,0.0,0.0,0.0601848
a,F06,Strain_a_Tension_0.1pct,0.1,1,-0.00028234000000010306,0.0006858399999999931,1.0650000000000936e-05,0.000741758588558332,0.0589735
a,F06,Strain_a_Tension_0.2pct,0.2,1,-0.0005393200000001069,0.0014350000000001029,3.38999999990007e-06,0.001533004420900478,0.05780823
a,F06,Strain_a_Tension_0.3pct,0.3,1,-0.0007987900000002018,0.0021711299999999933,-5.947000000009958e-05,0.0023141753654164383,0.05661951
a,F06,Strain_a_Tension_0.4pct,0.4,1,-0.001136000000000012,0.003011829999999993,-0.0001594500000000991,0.003222893149237191,0.05533204
a,F06,Strain_a_Tension_0.5pct,0.5,1,-0.001430019999999907,0.004010009999999994,-0.00054915,0.004292633588253217,0.05440371
a,F07,00_Optimized_Structure,0.0,1,0.0,0.0,0.0,0.0,0.06023216
a,F07,Strain_a_Tension_0.1pct,0.1,1,0.000287080000000009,-0.0007704100000002073,-5.871999999989934e-05,0.0008242539250135924,0.05902035
a,F07,Strain_a_Tension_0.2pct,0.2,1,0.0005430200000001023,-0.001474330000000204,6.548999999990077e-05,0.0015725166483699625,0.0577957
a,F07,Strain_a_Tension_0.3pct,0.3,1,0.0007944600000001079,-0.0021860300000001026,0.00015666000000000117,0.0023311877247662017,0.05663103
a,F07,Strain_a_Tension_0.4pct,0.4,1,0.0011357400000001072,-0.00307246000000011,0.00014355000000000097,0.003278798926695707,0.05540115
a,F07,Strain_a_Tension_0.5pct,0.5,1,0.0014325300000000013,-0.0040138800000001085,0.0005878400000000998,0.004302200683475957,0.05442609
a,F08,00_Optimized_Structure,0.0,1,0.0,0.0,0.0,0.0,0.00304302
a,F08,Strain_a_Tension_0.1pct,0.1,1,0.00030056000000000527,0.0008508200000000021,0.0016403899999998996,0.0018721939905094445,0.00215594
a,F08,Strain_a_Tension_0.2pct,0.2,1,0.0005828200000000117,0.0017567399999999997,0.0020173699999998995,0.002737808666963345,0.00114386
a,F08,Strain_a_Tension_0.3pct,0.3,1,0.0008521200000000118,0.002694780000000001,0.0022479399999996994,0.003611257673774979,0.00024225
a,F08,Strain_a_Tension_0.4pct,0.4,1,0.0011230200000000023,0.0034549400000000036,0.0024556799999997,0.004384991286923904,-0.00070706
a,F08,Strain_a_Tension_0.5pct,0.5,1,0.0013606900000000255,0.0045876799999999,0.0018472099999997,0.005129373240718406,-0.00144385
b,F01,00_Optimized_Structure,0.0,-1,0.0,0.0,0.0,0.0,0.00399565
b,F01,Strain_b_Tension_0.1pct,0.1,-1,0.00020151999999978853,-0.00040605999999999975,-0.00229036,0.002334789918515136,0.00355538
b,F01,Strain_b_Tension_0.2pct,0.2,-1,0.0004874499999998061,-0.0003589000000000994,-0.00280385,0.002868447582752713,0.00316809
b,F01,Strain_b_Tension_0.3pct,0.3,-1,0.0007558099999999957,-0.00030575000000000047,-0.0020271699999999003,0.0021849828437540625,0.00276255
b,F01,Strain_b_Tension_0.4pct,0.4,-1,0.0011416200000000098,0.00012104000000000281,-0.0020906200000000005,0.002385086767897559,0.00263905
b,F01,Strain_b_Tension_0.5pct,0.5,-1,0.0014339199999998942,0.0001804199999998965,-0.0015695599999999005,0.002133587714718883,0.00234332
b,F02,00_Optimized_Structure,0.0,-1,0.0,0.0,0.0,0.0,0.05899433
b,F02,Strain_b_Tension_0.1pct,0.1,-1,0.0003077999999998998,-5.286999999999653e-05,0.001352729999999999,0.0013883135560095693,0.05850385
b,F02,Strain_b_Tension_0.2pct,0.2,-1,0.0005852499999998984,-0.0001932600000000978,0.0018142000000001,0.001916034610882664,0.05785921
b,F02,Strain_b_Tension_0.3pct,0.3,-1,0.0008799499999998933,-0.00022086000000000328,0.0023011399999999993,0.0024735271257254913,0.05725154
b,F02,Strain_b_Tension_0.4pct,0.4,-1,0.001240479999999905,-0.000505950000000005,0.0004755500000000997,0.0014215920073635277,0.05696864
b,F02,Strain_b_Tension_0.5pct,0.5,-1,0.0015294599999999964,-0.0005584800000000972,0.0005094200000000998,0.0017060646348835084,0.05630888
b,F03,00_Optimized_Structure,0.0,-1,0.0,0.0,0.0,0.0,0.0589698
b,F03,Strain_b_Tension_0.1pct,0.1,-1,-0.00031093000000009807,3.092000000000372e-05,-0.0015212599999998005,0.0015530181901379824,0.05847095
b,F03,Strain_b_Tension_0.2pct,0.2,-1,-0.000586619999999996,0.0002230599999999,-0.0018495599999998995,0.0019531387512410833,0.0578597
b,F03,Strain_b_Tension_0.3pct,0.3,-1,-0.0008859100000001008,0.0002496699999999935,-0.0022741899999997994,0.002453387819546527,0.05727023
b,F03,Strain_b_Tension_0.4pct,0.4,-1,-0.0012317200000000889,0.0005705599999999977,-0.0006771299999998991,0.0015169633841659064,0.05692542
b,F03,Strain_b_Tension_0.5pct,0.5,-1,-0.0015407100000000007,0.000626599999999991,-0.0005751599999998993,0.0017598931472393076,0.0563663
b,F04,00_Optimized_Structure,0.0,-1,0.0,0.0,0.0,0.0,0.00402555
b,F04,Strain_b_Tension_0.1pct,0.1,-1,-0.00020388999999998436,0.00040877999999990033,0.0022783499999999004,0.0023236933840331555,0.00357366
b,F04,Strain_b_Tension_0.2pct,0.2,-1,-0.0004954199999998854,0.0003046300000000002,0.0028163399999999,0.0028757627525405017,0.00322776
b,F04,Strain_b_Tension_0.3pct,0.3,-1,-0.000768709999999978,0.000252129999999795,0.0021141000000001004,0.0022636040755839542,0.00284894
b,F04,Strain_b_Tension_0.4pct,0.4,-1,-0.0011674899999998822,-0.00013159000000010496,0.0020893300000000004,0.00239700827639367,0.0027928
b,F04,Strain_b_Tension_0.5pct,0.5,-1,-0.0014442799999998812,-0.00023955000000010218,0.0016109799999999997,0.0021768292264896906,0.00241612
b,F05,00_Optimized_Structure,0.0,1,0.0,0.0,0.0,0.0,0.00318708
b,F05,Strain_b_Tension_0.1pct,0.1,1,0.00023885000000009593,3.3209999999998796e-05,-0.0005082000000001001,0.0005625117479663403,0.00283777
b,F05,Strain_b_Tension_0.2pct,0.2,1,0.0005180800000000041,-4.0000000000102454e-05,0.0005129800000000006,0.0007301748878179891,0.00246264
b,F05,Strain_b_Tension_0.3pct,0.3,1,0.0007882600000002071,-0.00010305000000009751,-1.5060000000099646e-05,0.000795110013583246,0.00206083
b,F05,Strain_b_Tension_0.4pct,0.4,1,0.0011140700000001058,-0.0003404199999998969,-0.00027686000000010005,0.001197367613099762,0.00179297
b,F05,Strain_b_Tension_0.5pct,0.5,1,0.0014066299999999088,-0.0004335700000000012,-0.0003517000000000997,0.0015133683595872534,0.00150988
b,F06,00_Optimized_Structure,0.0,1,0.0,0.0,0.0,0.0,0.0601848
b,F06,Strain_b_Tension_0.1pct,0.1,1,0.0002663300000000923,0.00019131000000009724,-0.0005289600000000991,0.0006223583104612578,0.05972662
b,F06,Strain_b_Tension_0.2pct,0.2,1,0.0005664699999998885,0.00038241000000009684,-0.000535110000000099,0.0008680255647733272,0.05921868
b,F06,Strain_b_Tension_0.3pct,0.3,1,0.0008720399999999906,0.0003952200000000017,-0.0003878200000000994,0.001032984492816839,0.05854518
b,F06,Strain_b_Tension_0.4pct,0.4,1,0.0010739099999999002,0.0007452000000000986,5.013000000000066e-05,0.0013080973759624825,0.05782187
b,F06,Strain_b_Tension_0.5pct,0.5,1,0.00137052,0.0008447699999999947,0.000457159999999901,0.0016736058941399258,0.05719439
b,F07,00_Optimized_Structure,0.0,1,0.0,0.0,0.0,0.0,0.06023216
b,F07,Strain_b_Tension_0.1pct,0.1,1,-0.0002802999999999972,-0.00021445000000010206,0.00041890000000010044,0.0005477536878014847,0.05979394
b,F07,Strain_b_Tension_0.2pct,0.2,1,-0.00058061999999999,-0.0003867600000001109,0.00043110000000010085,0.0008200915144056552,0.05924537
b,F07,Strain_b_Tension_0.3pct,0.3,1,-0.0008733399999998892,-0.00041657999999999973,0.00039634000000000023,0.001045632367326015,0.05856923
b,F07,Strain_b_Tension_0.4pct,0.4,1,-0.0010842899999998906,-0.0008289300000000055,4.380000000000009e-06,0.001364854912948542,0.05791095
b,F07,Strain_b_Tension_0.5pct,0.5,1,-0.0013844499999998983,-0.0008139700000001082,-0.0005228300000000002,0.001688964230615881,0.05726038
b,F08,00_Optimized_Structure,0.0,1,0.0,0.0,0.0,0.0,0.00304302
b,F08,Strain_b_Tension_0.1pct,0.1,1,-0.00024518000000009477,2.6149999999905416e-05,0.00056784,0.000619063260499314,0.00273986
b,F08,Strain_b_Tension_0.2pct,0.2,1,-0.0005216200000000004,5.1310000000005795e-05,-0.00045732000000020014,0.0006956016984598183,0.00232145
b,F08,Strain_b_Tension_0.3pct,0.3,1,-0.0008042199999999944,0.00013843999999989948,1.7679999999999953e-05,0.0008162401756835809,0.00199152
b,F08,Strain_b_Tension_0.4pct,0.4,1,-0.0011485799999999824,0.00039435000000000164,0.0004057099999998995,0.0012803704709965313,0.00181727
b,F08,Strain_b_Tension_0.5pct,0.5,1,-0.0014119999999999966,0.00040903999999990226,0.00042431999999999973,0.001530067052125465,0.00137475
