path,strain_percent,case_label,case_short,family_id,pair_id,chirality,k1_centered,k2_centered,k3_centered,tilt_ratio,tilt_ratio_window_min,tilt_ratio_window_max,tilt_ratio_window_std,typeII_flag,typeII_window_all,mean_cone_slope_eV_per_reduced_dk,condition_G,stability_indicator,recommended_usage
a,0.0,00_Optimized_Structure,0%,F01,a_pair_02,-1,-0.1287312099999999,0.04622064,0.0070492699999999,2.2408500181495685,2.2408237599824496,2.2408483768315026,1.0635627225344236e-05,True,True,1.1795003359978276,349.4517907100018,0.05349415907875071,supplementary
a,0.0,00_Optimized_Structure,0%,F02,a_pair_03,-1,-0.1222754699999999,-0.1025682599999999,0.0074444299999999,1.2713083047643758,1.2712884541383014,1.2713070640511253,8.040383853336192e-06,True,True,1.0491349229151714,419.3799517586374,0.048831061739048345,supplementary
a,0.0,00_Optimized_Structure,0%,F03,a_pair_04,-1,0.12228328,0.10249297,-0.0076273900000001,1.2707705778109304,1.2707511407834369,1.2707693629501198,7.872858447163013e-06,True,True,1.0521344756955522,419.58667343397286,0.048819031230017684,supplementary
a,0.0,00_Optimized_Structure,0%,F04,a_pair_01,-1,0.1287295499999999,-0.0462712199999999,-0.0070275099999999,2.2457219344641475,2.2456954514979217,2.245720279097534,1.072668157226345e-05,True,True,1.179350743551826,348.9875992917175,0.05352972377782888,supplementary
a,0.0,00_Optimized_Structure,0%,F05,a_pair_03,1,-0.12877157,-0.0453985599999999,0.00712902,2.1479468675173563,2.1479378870928163,2.1479463061249517,3.63739416284767e-06,True,True,1.1647174320467804,356.97316691784016,0.052927601530462845,supplementary
a,0.0,00_Optimized_Structure,0%,F06,a_pair_02,1,-0.1218222799999999,0.1023527399999999,0.00899671,1.2362143628619424,1.2361970935096467,1.2362132834735933,6.994843075387105e-06,True,True,1.090425613893416,325.0516757786965,0.055465610215332875,supplementary
a,0.0,00_Optimized_Structure,0%,F07,a_pair_01,1,0.1218044799999999,-0.1023374399999998,-0.00898317,1.2236972102293608,1.2236796688440619,1.2236961138370108,7.105028009407384e-06,True,True,1.0937744745448759,325.4671587738526,0.05543019592451087,supplementary
a,0.0,00_Optimized_Structure,0%,F08,a_pair_04,1,0.1287958,0.04531655,-0.0072912299999998,2.1454085047932745,2.1453999031847997,2.1454079670752737,3.4839560734875604e-06,True,True,1.1654598426221539,357.5996010548699,0.05288122257850265,supplementary
a,0.1,Strain_a_Tension_0.1pct,a +0.1%,F01,a_pair_02,-1,-0.1290950399999999,0.04665706,0.00494863,2.274018433888093,2.273993543194982,2.274016878043354,1.0081741206343105e-05,True,True,1.1809646736975015,339.11262350296425,0.05430352497597317,supplementary
a,0.1,Strain_a_Tension_0.1pct,a +0.1%,F02,a_pair_03,-1,-0.12248389,-0.1031658699999999,0.0075162399999999,1.2643287060733248,1.264309412501609,1.264327500174778,7.814749433172389e-06,True,True,1.0425289229548493,393.4399677439334,0.050415114991471575,supplementary
a,0.1,Strain_a_Tension_0.1pct,a +0.1%,F03,a_pair_04,-1,0.12249021,0.1031792099999999,-0.0076920199999999,1.269520164606554,1.2695012168737196,1.2695189803237081,7.674669356049078e-06,True,True,1.0410693150790413,391.596381372085,0.05053364964502377,supplementary
a,0.1,Strain_a_Tension_0.1pct,a +0.1%,F04,a_pair_01,-1,0.1290754499999999,-0.0467063699999998,-0.00495277,2.2750643009204383,2.275039193365358,2.275062731523589,1.016958107863771e-05,True,True,1.180584737912854,338.03489010450323,0.05439002218507675,supplementary
a,0.1,Strain_a_Tension_0.1pct,a +0.1%,F05,a_pair_03,1,-0.1290985,-0.04623076,0.0055732699999999,2.184240952775825,2.1842329372174567,2.184240451682666,3.2465764980942265e-06,True,True,1.1657503150158306,348.23066567023847,0.053587869796080066,supplementary
a,0.1,Strain_a_Tension_0.1pct,a +0.1%,F06,a_pair_02,1,-0.12210462,0.1030385799999999,0.00900736,1.2181652934542775,1.218147675037477,1.2181641922460473,7.136227833371885e-06,True,True,1.0822390928638044,309.79321134561553,0.05681513614322618,supplementary
a,0.1,Strain_a_Tension_0.1pct,a +0.1%,F07,a_pair_01,1,0.1220915599999999,-0.10310785,-0.0090418899999999,1.2181281979341376,1.2181102779006552,1.218127077873033,7.2583958274986085e-06,True,True,1.0807054170301686,310.33723056956757,0.05676531601092099,supplementary
a,0.1,Strain_a_Tension_0.1pct,a +0.1%,F08,a_pair_04,1,0.12909636,0.04616737,-0.0056508399999999,2.1790587102983716,2.1790509380773098,2.179058224417651,3.148015071894644e-06,True,True,1.1660754572487577,347.3695828581561,0.05365424727316698,supplementary
a,0.2,Strain_a_Tension_0.2pct,a +0.2%,F01,a_pair_02,-1,-0.1293578900000001,0.04757524,0.0047895999999999,2.3039541343720558,2.303930232463808,2.3039526403248476,9.681237440641284e-06,True,True,1.1790898693479273,327.93606376997957,0.055221145360476426,supplementary
a,0.2,Strain_a_Tension_0.2pct,a +0.2%,F02,a_pair_03,-1,-0.1227229699999998,-0.1039756899999999,0.00699912,1.2500955446908173,1.2500771944955418,1.2500943977555417,7.432639506409988e-06,True,True,1.0312611277161126,374.47424325644795,0.05167601600735058,supplementary
a,0.2,Strain_a_Tension_0.2pct,a +0.2%,F03,a_pair_04,-1,0.12273524,0.1039520899999999,-0.0073805399999999,1.2534512187675302,1.2534332532658028,1.2534500958769037,7.276821786812912e-06,True,True,1.0320046860055743,374.866218327788,0.051648991689226875,supplementary
a,0.2,Strain_a_Tension_0.2pct,a +0.2%,F04,a_pair_01,-1,0.12934798,-0.04766921,-0.0049037899999999,2.307154507817671,2.3071304167980102,2.3071530019533792,9.757837209473714e-06,True,True,1.1786758723458137,327.3475415784923,0.055270762772310106,supplementary
a,0.2,Strain_a_Tension_0.2pct,a +0.2%,F05,a_pair_03,1,-0.1293619000000001,-0.0471472299999999,0.0052862599999999,2.213073212521529,2.2130665871115336,2.2130727983170044,2.683503935974061e-06,True,True,1.1641995989347993,335.8562802293306,0.05456614379777268,supplementary
a,0.2,Strain_a_Tension_0.2pct,a +0.2%,F06,a_pair_02,1,-0.1223616,0.10378774,0.0090000999999999,1.2179755854039445,1.217958429164859,1.2179745130779303,6.949022698640089e-06,True,True,1.0702412681355271,297.36016402003304,0.05799073405979116,supplementary
a,0.2,Strain_a_Tension_0.2pct,a +0.2%,F07,a_pair_01,1,0.1223475,-0.10381177,-0.0089176800000001,1.2115830065113853,1.2115657075293904,1.2115819252639022,7.006839980763228e-06,True,True,1.0719468372953245,298.23953260442886,0.057905177200426865,supplementary
a,0.2,Strain_a_Tension_0.2pct,a +0.2%,F08,a_pair_04,1,0.12937862,0.04707329,-0.0052738599999999,2.2080406195961513,2.208034335036338,2.20804022669241,2.5454432505574936e-06,True,True,1.164820693715255,335.88159457700476,0.054564087519035125,supplementary
a,0.3,Strain_a_Tension_0.3pct,a +0.3%,F01,a_pair_02,-1,-0.12962391,0.04852926,0.0046562199999999,2.333997858724811,2.333974941613601,2.3339964262330257,9.28235093671868e-06,True,True,1.1772273995246902,317.7268509673969,0.05610131495637295,supplementary
a,0.3,Strain_a_Tension_0.3pct,a +0.3%,F02,a_pair_03,-1,-0.1229826,-0.10474899,0.00665753,1.2379542172160638,1.2379368795499486,1.237953133564814,7.022519182739022e-06,True,True,1.0208409660814535,360.0632285241739,0.05269999989597278,supplementary
a,0.3,Strain_a_Tension_0.3pct,a +0.3%,F03,a_pair_04,-1,0.1229851899999999,0.10470508,-0.007057,1.2419709902312255,1.241954236996687,1.2419699431066173,6.785797811739303e-06,True,True,1.0224137637372304,361.06432088355064,0.05262689077929832,supplementary
a,0.3,Strain_a_Tension_0.3pct,a +0.3%,F04,a_pair_01,-1,0.12961507,-0.0486235699999999,-0.00473002,2.338702595884099,2.338679363840418,2.3387011437066683,9.409912251483007e-06,True,True,1.1766890081127777,316.89315367326503,0.0561750634614492,supplementary
a,0.3,Strain_a_Tension_0.3pct,a +0.3%,F05,a_pair_03,1,-0.12962896,-0.0480817500000001,0.005085,2.242987824514905,2.242982686148562,2.242987503249488,2.0811824774723254e-06,True,True,1.162501444191513,324.57417330416894,0.055506394779417316,supplementary
a,0.3,Strain_a_Tension_0.3pct,a +0.3%,F06,a_pair_02,1,-0.1226210700000001,0.1045238699999999,0.0089372399999999,1.2133290290207481,1.2133124788960272,1.2133279945764903,6.7035176833018564e-06,True,True,1.0604001512560177,286.70392745447435,0.05905860424287638,supplementary
a,0.3,Strain_a_Tension_0.3pct,a +0.3%,F07,a_pair_01,1,0.12259894,-0.1045234699999999,-0.00882651,1.2049201293900424,1.2049034816519182,1.2049190888467243,6.743056062927561e-06,True,True,1.0629949150441222,287.2550875601161,0.0590019187795943,supplementary
a,0.3,Strain_a_Tension_0.3pct,a +0.3%,F08,a_pair_04,1,0.12964792,0.04801133,-0.0050432900000001,2.238614413674717,2.2386095504746315,2.2386141096108116,1.969728537892682e-06,True,True,1.1631235727093217,324.61209914998034,0.055503152157736185,supplementary
a,0.4,Strain_a_Tension_0.4pct,a +0.4%,F01,a_pair_02,-1,-0.12989366,0.04937033,0.00445457,2.3583895126613448,2.3583669303037333,2.3583881010850547,9.146756313140159e-06,True,True,1.1736479554761363,308.12720408819825,0.056968525435543794,supplementary
a,0.4,Strain_a_Tension_0.4pct,a +0.4%,F02,a_pair_03,-1,-0.1232338400000001,-0.1053622,0.0062383,1.2277802251536276,1.2277632332779336,1.2277791631113095,6.882456197552949e-06,True,True,1.008483221988372,353.3567632854858,0.053197753886073416,supplementary
a,0.4,Strain_a_Tension_0.4pct,a +0.4%,F03,a_pair_04,-1,0.12323488,0.1053715899999999,-0.0065629,1.2355092554420024,1.235492927636756,1.2355082349049684,6.613477747398682e-06,True,True,1.0080438586799898,352.93638639895903,0.053229425954877695,supplementary
a,0.4,Strain_a_Tension_0.4pct,a +0.4%,F04,a_pair_01,-1,0.12987322,-0.04943929,-0.00437752,2.3614765960548922,2.3614537026204507,2.361475165034299,9.272756045804308e-06,True,True,1.1731110891967338,307.18543504611165,0.05705578565277992,supplementary
a,0.4,Strain_a_Tension_0.4pct,a +0.4%,F05,a_pair_03,1,-0.1299128999999999,-0.0488380299999999,0.00473405,2.263434778560809,2.263431175660993,2.2634345532623232,1.45924698987217e-06,True,True,1.159744016383067,313.6410021851436,0.05646555270808535,supplementary
a,0.4,Strain_a_Tension_0.4pct,a +0.4%,F06,a_pair_02,1,-0.1229582799999999,0.1053645699999999,0.0088372599999999,1.2184599676933447,1.2184443489222814,1.218458991461363,6.3262780513982105e-06,True,True,1.0480702509335724,277.58384100777874,0.060020956145049674,supplementary
a,0.4,Strain_a_Tension_0.4pct,a +0.4%,F07,a_pair_01,1,0.12294022,-0.1054098999999999,-0.00883962,1.2113733396492048,1.211357226084457,1.2113723324939443,6.526692225163649e-06,True,True,1.048128979358115,278.23029735543116,0.05995118751675527,supplementary
a,0.4,Strain_a_Tension_0.4pct,a +0.4%,F08,a_pair_04,1,0.12991882,0.04877149,-0.0048355500000001,2.257569946305426,2.2575665620865935,2.2575697346755463,1.3706717435100398e-06,True,True,1.1601823819115142,313.6473355053133,0.05646498261519965,supplementary
a,0.5,Strain_a_Tension_0.5pct,a +0.5%,F01,a_pair_02,-1,-0.13007221,0.0505813499999999,0.0031733499999999,2.3954966510591906,2.395472070399482,2.3954951145716343,9.956147773093572e-06,True,True,1.1677525541180727,297.4962556447888,0.057977468420571054,supplementary
a,0.5,Strain_a_Tension_0.5pct,a +0.5%,F02,a_pair_03,-1,-0.12348585,-0.1064928899999999,0.00534341,1.182527808397684,1.182511687785644,1.1825268008109284,6.5295553014949795e-06,True,True,1.0052541259670669,312.1796336900402,0.05659756105694828,supplementary
a,0.5,Strain_a_Tension_0.5pct,a +0.5%,F03,a_pair_04,-1,0.1234850699999999,0.1064381599999999,-0.00567607,1.1775049711668624,1.1774893210035833,1.1775039929828648,6.339002111735683e-06,True,True,1.0090582897042775,313.11631684806423,0.056512842237716916,supplementary
a,0.5,Strain_a_Tension_0.5pct,a +0.5%,F04,a_pair_01,-1,0.1300601,-0.05068139,-0.0032869199999998,2.401009138384175,2.400984221810106,2.4010075809021307,1.0092208535911534e-05,True,True,1.167227268876527,297.0718841669161,0.058018864467709166,supplementary
a,0.5,Strain_a_Tension_0.5pct,a +0.5%,F05,a_pair_03,1,-0.1301334299999998,-0.0499778499999998,0.00543225,2.296460371065796,2.2964571588768483,2.296460170180545,1.3009871764990805e-06,True,True,1.156507796933553,303.93945319513966,0.057359645829851244,supplementary
a,0.5,Strain_a_Tension_0.5pct,a +0.5%,F06,a_pair_02,1,-0.1232522999999998,0.1063627499999999,0.00844756,1.1711295896845275,1.1711125857878832,1.1711285268774039,6.887314405203982e-06,True,True,1.0413995064545254,247.36421174800154,0.06358161669941144,supplementary
a,0.5,Strain_a_Tension_0.5pct,a +0.5%,F07,a_pair_01,1,0.1232370099999999,-0.1063513199999999,-0.0083953299999999,1.1622794882004224,1.1622624392088323,1.162278422571883,6.905578797100521e-06,True,True,1.0445117786758207,248.4952809956375,0.06343675030300105,supplementary
a,0.5,Strain_a_Tension_0.5pct,a +0.5%,F08,a_pair_04,1,0.13015649,0.0499042299999999,-0.0054440200000001,2.2923533707667882,2.2923505565493447,2.292353194756795,1.1397914235372664e-06,True,True,1.1571389889337238,304.0995546598134,0.05734454457074744,supplementary
b,0.0,00_Optimized_Structure,0%,F01,b_pair_02,-1,-0.1287312099999999,0.04622064,0.0070492699999999,2.2408500181495685,2.2408237599824496,2.2408483768315026,1.0635627225344236e-05,True,True,1.1795003359978276,349.4517907100018,0.05349415907875071,supplementary
b,0.0,00_Optimized_Structure,0%,F02,b_pair_03,-1,-0.1222754699999999,-0.1025682599999999,0.0074444299999999,1.2713083047643758,1.2712884541383014,1.2713070640511253,8.040383853336192e-06,True,True,1.0491349229151714,419.3799517586374,0.048831061739048345,supplementary
b,0.0,00_Optimized_Structure,0%,F03,b_pair_04,-1,0.12228328,0.10249297,-0.0076273900000001,1.2707705778109304,1.2707511407834369,1.2707693629501198,7.872858447163013e-06,True,True,1.0521344756955522,419.58667343397286,0.048819031230017684,supplementary
b,0.0,00_Optimized_Structure,0%,F04,b_pair_01,-1,0.1287295499999999,-0.0462712199999999,-0.0070275099999999,2.2457219344641475,2.2456954514979217,2.245720279097534,1.072668157226345e-05,True,True,1.179350743551826,348.9875992917175,0.05352972377782888,supplementary
b,0.0,00_Optimized_Structure,0%,F05,b_pair_03,1,-0.12877157,-0.0453985599999999,0.00712902,2.1479468675173563,2.1479378870928163,2.1479463061249517,3.63739416284767e-06,True,True,1.1647174320467804,356.97316691784016,0.052927601530462845,supplementary
b,0.0,00_Optimized_Structure,0%,F06,b_pair_02,1,-0.1218222799999999,0.1023527399999999,0.00899671,1.2362143628619424,1.2361970935096467,1.2362132834735933,6.994843075387105e-06,True,True,1.090425613893416,325.0516757786965,0.055465610215332875,supplementary
b,0.0,00_Optimized_Structure,0%,F07,b_pair_01,1,0.1218044799999999,-0.1023374399999998,-0.00898317,1.2236972102293608,1.2236796688440619,1.2236961138370108,7.105028009407384e-06,True,True,1.0937744745448759,325.4671587738526,0.05543019592451087,supplementary
b,0.0,00_Optimized_Structure,0%,F08,b_pair_04,1,0.1287958,0.04531655,-0.0072912299999998,2.1454085047932745,2.1453999031847997,2.1454079670752737,3.4839560734875604e-06,True,True,1.1654598426221539,357.5996010548699,0.05288122257850265,supplementary
b,0.1,Strain_b_Tension_0.1pct,b +0.1%,F01,b_pair_02,-1,-0.1285296900000001,0.04581458,0.0047589099999999,2.223173851953731,2.223147227954838,2.2231721877744195,1.0783808638868333e-05,True,True,1.18013077896982,348.682310901887,0.05355315259423133,supplementary
b,0.1,Strain_b_Tension_0.1pct,b +0.1%,F02,b_pair_03,-1,-0.12196767,-0.1026211299999999,0.0087971599999999,1.3276995113592833,1.327679031033261,1.3276982312903702,8.295440492631582e-06,True,True,1.0414305880657835,395.7572760276182,0.05026729852632247,supplementary
b,0.1,Strain_b_Tension_0.1pct,b +0.1%,F03,b_pair_04,-1,0.1219723499999999,0.10252389,-0.0091486499999999,1.334344419329368,1.3343245975946851,1.3343431804223786,8.028680772540069e-06,True,True,1.0429384773269057,396.3550106424689,0.05022938069988962,supplementary
b,0.1,Strain_b_Tension_0.1pct,b +0.1%,F04,b_pair_01,-1,0.1285256599999999,-0.04586244,-0.00474916,2.22569183492539,2.225664958196143,2.225690154947857,1.0886175322700951e-05,True,True,1.1798805456938084,348.7478332247869,0.05354812160700934,supplementary
b,0.1,Strain_b_Tension_0.1pct,b +0.1%,F05,b_pair_03,1,-0.1285327199999999,-0.0453653499999999,0.0066208199999999,2.1316997794747725,2.1316896713019915,2.131699147595187,4.094182315249012e-06,True,True,1.1649502910908378,359.9328692428528,0.05270954238678041,supplementary
b,0.1,Strain_b_Tension_0.1pct,b +0.1%,F06,b_pair_02,1,-0.1215559499999998,0.10254405,0.0084677499999999,1.2144551831059016,1.2144351843447276,1.2144539331253543,8.100377574188846e-06,True,True,1.0850990506949632,312.24919653288134,0.05659125630646513,supplementary
b,0.1,Strain_b_Tension_0.1pct,b +0.1%,F07,b_pair_01,1,0.1215241799999999,-0.1025518899999999,-0.0085642699999999,1.208617074528317,1.20859717141541,1.2086158305250383,8.06163551565599e-06,True,True,1.0882346180181497,313.66137585596886,0.0564637188366653,supplementary
b,0.1,Strain_b_Tension_0.1pct,b +0.1%,F08,b_pair_04,1,0.1285506199999999,0.0453426999999999,-0.0067233899999998,2.131352527824383,2.13134261993052,2.1313519084612387,4.013060055532533e-06,True,True,1.1651272677497488,359.72467561289915,0.052724793222173154,supplementary
b,0.2,Strain_b_Tension_0.2pct,b +0.2%,F01,b_pair_02,-1,-0.1282437600000001,0.0458617399999999,0.0042454199999999,2.2033486534530584,2.203321093990456,2.2033469308037854,1.1162712436327393e-05,True,True,1.1778514751449611,347.8961002637548,0.05361363084813628,supplementary
b,0.2,Strain_b_Tension_0.2pct,b +0.2%,F02,b_pair_03,-1,-0.12169022,-0.10276152,0.00925863,1.358700990417595,1.3586797742292223,1.358699664355728,8.593497894209238e-06,True,True,1.0327722932698684,379.1429175102602,0.05135686749873122,supplementary
b,0.2,Strain_b_Tension_0.2pct,b +0.2%,F03,b_pair_04,-1,0.12169666,0.1027160299999999,-0.00947695,1.3587530680417534,1.3587323360584098,1.3587517722421703,8.397373171445108e-06,True,True,1.0350894422058643,379.0747049779199,0.05136148799220979,supplementary
b,0.2,Strain_b_Tension_0.2pct,b +0.2%,F04,b_pair_01,-1,0.12823413,-0.0459665899999999,-0.00421117,2.208985090295121,2.2089572154306256,2.208983347936118,1.1290465313716427e-05,True,True,1.1771775306496202,347.15152399571963,0.05367109574800498,supplementary
b,0.2,Strain_b_Tension_0.2pct,b +0.2%,F05,b_pair_03,1,-0.12825349,-0.04543856,0.007642,2.1134174684434504,2.1134067704061934,2.1134167996970445,4.33310510307075e-06,True,True,1.1626932512760584,358.8141441323134,0.05279164839947556,supplementary
b,0.2,Strain_b_Tension_0.2pct,b +0.2%,F06,b_pair_02,1,-0.12125581,0.10273515,0.0084615999999999,1.224342672035568,1.2243217954648071,1.2243413671935008,8.455932042659993e-06,True,True,1.0773920516466984,302.62476887711273,0.05748410375898253,supplementary
b,0.2,Strain_b_Tension_0.2pct,b +0.2%,F07,b_pair_01,1,0.1212238599999999,-0.1027241999999999,-0.0085520699999999,1.2186500965107496,1.2186292206328844,1.2186487917092839,8.455650297826748e-06,True,True,1.0802336916379687,303.91543121068395,0.05736191268627305,supplementary
b,0.2,Strain_b_Tension_0.2pct,b +0.2%,F08,b_pair_04,1,0.12827418,0.04536786,-0.00774855,2.109781063084361,2.109770518836003,2.1097804039512997,4.270813875856577e-06,True,True,1.1632704901418143,359.31585956075327,0.05275477883745273,supplementary
b,0.3,Strain_b_Tension_0.3pct,b +0.3%,F01,b_pair_02,-1,-0.1279753999999999,0.04591489,0.0050221,2.18212172698322,2.1820937622793934,2.182119979009001,1.1326855162292589e-05,True,True,1.1756640911538536,346.88074732183554,0.053692039611135,supplementary
b,0.3,Strain_b_Tension_0.3pct,b +0.3%,F02,b_pair_03,-1,-0.12139552,-0.1027891199999999,0.0097455699999999,1.376473368141692,1.3764503334598626,1.3764719284219717,9.330070173358186e-06,True,True,1.0220164795843356,374.4351977156014,0.05167871028583677,supplementary
b,0.3,Strain_b_Tension_0.3pct,b +0.3%,F03,b_pair_04,-1,0.1213973699999999,0.10274264,-0.0099015799999999,1.3738248823891788,1.3738023662583405,1.3738234750801315,9.120034388227772e-06,True,True,1.024318032155792,373.7441606101769,0.05172646409435485,supplementary
b,0.3,Strain_b_Tension_0.3pct,b +0.3%,F04,b_pair_01,-1,0.1279608399999999,-0.0460190900000001,-0.0049134099999998,2.18580575998787,2.18577750858392,2.185803994094585,1.1442981435534424e-05,True,True,1.1749803798391059,345.99108683437083,0.0537610255194905,supplementary
b,0.3,Strain_b_Tension_0.3pct,b +0.3%,F05,b_pair_03,1,-0.1279833099999998,-0.04550161,0.0071139599999999,2.094869616638928,2.0948582152211204,2.0948689039337727,4.618007080113408e-06,True,True,1.160394302033901,356.41058111399235,0.05296935755257432,supplementary
b,0.3,Strain_b_Tension_0.3pct,b +0.3%,F06,b_pair_02,1,-0.1209502399999999,0.1027479599999999,0.0086088899999999,1.2605676244698172,1.260546964027723,1.260566333140169,8.36839294334066e-06,True,True,1.0690383956405725,299.1863526161286,0.05781347979353696,supplementary
b,0.3,Strain_b_Tension_0.3pct,b +0.3%,F07,b_pair_01,1,0.12093114,-0.1027540199999998,-0.00858683,1.2546353245526087,1.2546144419830716,1.254634019340141,8.458364612714522e-06,True,True,1.0705686628203044,299.97597671655694,0.05773733869933202,supplementary
b,0.3,Strain_b_Tension_0.3pct,b +0.3%,F08,b_pair_04,1,0.12799158,0.0454549899999999,-0.0072735499999998,2.090240775729441,2.0902295232478445,2.0902400723295584,4.557680298536202e-06,True,True,1.1608053975783534,356.93461811993546,0.05293045953333874,supplementary
b,0.4,Strain_b_Tension_0.4pct,b +0.4%,F01,b_pair_02,-1,-0.1275895899999999,0.04634168,0.0049586499999999,2.168738798018548,2.168706818652157,2.1687367991078497,1.2952963168979471e-05,True,True,1.166967908316813,343.63688578036215,0.053944865263815846,supplementary
b,0.4,Strain_b_Tension_0.4pct,b +0.4%,F02,b_pair_03,-1,-0.12103499,-0.1030742099999999,0.00791998,1.3047209336782855,1.3046945537951735,1.3047192848759859,1.0685025844926546e-05,True,True,1.0227819317531153,330.3715839861883,0.055017221942736144,supplementary
b,0.4,Strain_b_Tension_0.4pct,b +0.4%,F03,b_pair_04,-1,0.1210515599999999,0.10306353,-0.00830452,1.3104617716537663,1.3104360423292212,1.3104601635136817,1.0421520945131785e-05,True,True,1.0220544491349286,328.87454007944433,0.05514229954805045,supplementary
b,0.4,Strain_b_Tension_0.4pct,b +0.4%,F04,b_pair_01,-1,0.12756206,-0.04640281,-0.0049381799999999,2.1691297113673764,2.1690973796168747,2.1691276904326737,1.3095694675116961e-05,True,True,1.1663716021407609,342.1563984019498,0.05406144716417034,supplementary
b,0.4,Strain_b_Tension_0.4pct,b +0.4%,F05,b_pair_03,1,-0.1276574999999999,-0.0457389799999998,0.0068521599999999,2.0710880364038387,2.071074889742007,2.071087214611113,5.324906335583009e-06,True,True,1.1551101646830448,355.4156135876119,0.05304344821643722,supplementary
b,0.4,Strain_b_Tension_0.4pct,b +0.4%,F06,b_pair_02,1,-0.12074837,0.10309794,0.00904684,1.2553376788602788,1.255316238188316,1.2553363387675736,8.68442443749518e-06,True,True,1.0591901281175533,265.9494327112773,0.06131976274836048,supplementary
b,0.4,Strain_b_Tension_0.4pct,b +0.4%,F07,b_pair_01,1,0.12072019,-0.1031663699999998,-0.00897879,1.2555001586414742,1.255478376976988,1.2554987972359972,8.822541563863534e-06,True,True,1.0580484060636817,267.123745622648,0.06118482921163585,supplementary
b,0.4,Strain_b_Tension_0.4pct,b +0.4%,F08,b_pair_04,1,0.12764722,0.0457109,-0.0068855199999999,2.0662823067310625,2.0662693065149123,2.0662814940939604,5.265589852165501e-06,True,True,1.1551175378145841,353.9838481287984,0.05315061290409625,supplementary
b,0.5,Strain_b_Tension_0.5pct,b +0.5%,F01,b_pair_02,-1,-0.12729729,0.0464010599999999,0.00547971,2.1480966200084306,2.1480638454724157,2.148094571396654,1.3275042157940473e-05,True,True,1.1643265014425757,342.334322200406,0.054047396472281815,supplementary
b,0.5,Strain_b_Tension_0.5pct,b +0.5%,F02,b_pair_03,-1,-0.1207460099999999,-0.10312674,0.00795385,1.3162242682975782,1.3161966555651432,1.3162225424403424,1.1184385475001625e-05,True,True,1.015424195716353,321.57545861263173,0.05576459483981446,supplementary
b,0.5,Strain_b_Tension_0.5pct,b +0.5%,F03,b_pair_04,-1,0.12074257,0.10311957,-0.00820255,1.3101600807523974,1.3101329859889552,1.3101583872687057,1.0974584918217602e-05,True,True,1.0188283398847913,320.6731836826915,0.055842991873718675,supplementary
b,0.5,Strain_b_Tension_0.5pct,b +0.5%,F04,b_pair_01,-1,0.12728527,-0.04651077,-0.0054165299999999,2.1547485268640076,2.1547154592225546,2.154746459934945,1.3393763519580919e-05,True,True,1.1634257409620903,341.0283113655585,0.05415078823210766,supplementary
b,0.5,Strain_b_Tension_0.5pct,b +0.5%,F05,b_pair_03,1,-0.1273649400000001,-0.0458321299999999,0.0067773199999999,2.0528597363574854,2.05284593914655,2.052858873908449,5.588409269596601e-06,True,True,1.1520962003286952,353.1231282585517,0.0532153494533657,supplementary
b,0.5,Strain_b_Tension_0.5pct,b +0.5%,F06,b_pair_02,1,-0.1204517599999999,0.1031975099999999,0.0094538699999999,1.2751175481736352,1.2750958914031802,1.275116194578035,8.771956224847748e-06,True,True,1.0521443187267234,262.03686726445784,0.06177586008706186,supplementary
b,0.5,Strain_b_Tension_0.5pct,b +0.5%,F07,b_pair_01,1,0.12042003,-0.1031514099999999,-0.009506,1.274173426567609,1.2741516528041543,1.274172065657519,8.819342856783352e-06,True,True,1.0532665574420712,262.8182470761071,0.06168395942597015,supplementary
b,0.5,Strain_b_Tension_0.5pct,b +0.5%,F08,b_pair_04,1,0.1273838,0.0457255899999999,-0.0068669099999998,2.0483684111599727,2.048354813212283,2.0483675611649055,5.507698796815587e-06,True,True,1.152878226538062,353.6911245757488,0.05317260273840314,supplementary
