relative_path,file_size_bytes,SHA256,scientific_stage,file_role
01_DFT/00_Optimized_Structure/CONTCAR,1624,e23c7a541b5b58ed318b7262c629edeecb8de17dc37c3d09dfe61931e4b36177,01_DFT,calculation_input_or_compact_output
01_DFT/00_Optimized_Structure/INCAR,2422,484e9ce7bf2e4bf278eab550939dbf66484917110cc7e66eec7ea171cd82df10,01_DFT,calculation_input_or_compact_output
01_DFT/00_Optimized_Structure/KPOINTS,85,cc621b02b66d098cbca7d7b4f8138e3fb2cc3eb80f3a35ad746ff214242fc96b,01_DFT,calculation_input_or_compact_output
01_DFT/00_Optimized_Structure/POSCAR,1624,eadff88b7f676d579dfb477810c70d7afbc1b613d55e81fefb0a02bfb01d6d82,01_DFT,calculation_input_or_compact_output
01_DFT/README.md,389,d47e58668a015d1673b7aeef848ab6764f646a465501bcb410cbedbc080d4063,01_DFT,documentation
01_DFT/Strain_a_Tension_0.1pct/CONTCAR,1624,9aaba5e641a871e5c48f251dff67c3373ac8e7fce2204b6ccb5f7fb5ba88d3a6,01_DFT,calculation_input_or_compact_output
01_DFT/Strain_a_Tension_0.1pct/INCAR,2422,484e9ce7bf2e4bf278eab550939dbf66484917110cc7e66eec7ea171cd82df10,01_DFT,calculation_input_or_compact_output
01_DFT/Strain_a_Tension_0.1pct/KPOINTS,85,cc621b02b66d098cbca7d7b4f8138e3fb2cc3eb80f3a35ad746ff214242fc96b,01_DFT,calculation_input_or_compact_output
01_DFT/Strain_a_Tension_0.1pct/POSCAR,1600,6412892e96e133d5e0fb273dd837576ad4115a86731c0558e8107792ec30d23e,01_DFT,calculation_input_or_compact_output
01_DFT/Strain_a_Tension_0.2pct/CONTCAR,1624,9799bec30af7c780f2d904b1f700a318ea756d3a7f7597e713037875492c24bd,01_DFT,calculation_input_or_compact_output
01_DFT/Strain_a_Tension_0.2pct/INCAR,2422,484e9ce7bf2e4bf278eab550939dbf66484917110cc7e66eec7ea171cd82df10,01_DFT,calculation_input_or_compact_output
01_DFT/Strain_a_Tension_0.2pct/KPOINTS,85,cc621b02b66d098cbca7d7b4f8138e3fb2cc3eb80f3a35ad746ff214242fc96b,01_DFT,calculation_input_or_compact_output
01_DFT/Strain_a_Tension_0.2pct/POSCAR,1600,d7f295c7f428e8748d602b83ecfaf257e3001dfb38332186f518ac653bb15a7a,01_DFT,calculation_input_or_compact_output
01_DFT/Strain_a_Tension_0.3pct/CONTCAR,1624,55b40e1bd657051b6d50ad3b56ea3467c1b337246c6a3a5081ad4032cb1df403,01_DFT,calculation_input_or_compact_output
01_DFT/Strain_a_Tension_0.3pct/INCAR,2422,484e9ce7bf2e4bf278eab550939dbf66484917110cc7e66eec7ea171cd82df10,01_DFT,calculation_input_or_compact_output
01_DFT/Strain_a_Tension_0.3pct/KPOINTS,85,cc621b02b66d098cbca7d7b4f8138e3fb2cc3eb80f3a35ad746ff214242fc96b,01_DFT,calculation_input_or_compact_output
01_DFT/Strain_a_Tension_0.3pct/POSCAR,1600,c352a0a5fbd0471dcde59dd2675071c13c93d41f2dfc18c432e380ce478fcb3a,01_DFT,calculation_input_or_compact_output
01_DFT/Strain_a_Tension_0.4pct/CONTCAR,1624,689f01347a49768e4d3c60f4e62f9ab29a2178e328f11ac881cf58af1576bffe,01_DFT,calculation_input_or_compact_output
01_DFT/Strain_a_Tension_0.4pct/INCAR,2422,484e9ce7bf2e4bf278eab550939dbf66484917110cc7e66eec7ea171cd82df10,01_DFT,calculation_input_or_compact_output
01_DFT/Strain_a_Tension_0.4pct/KPOINTS,85,cc621b02b66d098cbca7d7b4f8138e3fb2cc3eb80f3a35ad746ff214242fc96b,01_DFT,calculation_input_or_compact_output
01_DFT/Strain_a_Tension_0.4pct/POSCAR,1600,dcfa37a3223854b2ef4af0643c459bef9eb654a849c7aeb90f8c1f4ea05d933f,01_DFT,calculation_input_or_compact_output
01_DFT/Strain_a_Tension_0.5pct/CONTCAR,1624,45823cdeee2b7c292e34b9013635f1d4c63076e97ad2b34dde8b34395567e49c,01_DFT,calculation_input_or_compact_output
01_DFT/Strain_a_Tension_0.5pct/INCAR,2422,484e9ce7bf2e4bf278eab550939dbf66484917110cc7e66eec7ea171cd82df10,01_DFT,calculation_input_or_compact_output
01_DFT/Strain_a_Tension_0.5pct/KPOINTS,85,cc621b02b66d098cbca7d7b4f8138e3fb2cc3eb80f3a35ad746ff214242fc96b,01_DFT,calculation_input_or_compact_output
01_DFT/Strain_a_Tension_0.5pct/POSCAR,1600,3b767e0ecc68e6c17acf4d2229a0aacb527d73cefeaed8cd27e6bbfb1116db2a,01_DFT,calculation_input_or_compact_output
01_DFT/Strain_b_Tension_0.1pct/CONTCAR,1623,e82b2a5f3a33b00fe615b5cd800a8a4de0b24cf5ca2581a193363eaf949c47e5,01_DFT,calculation_input_or_compact_output
01_DFT/Strain_b_Tension_0.1pct/INCAR,2426,d4d4514783eb7a593433974d3bbb132f98672dc8d11ac7a95b38ae16f02e404b,01_DFT,calculation_input_or_compact_output
01_DFT/Strain_b_Tension_0.1pct/KPOINTS,85,cc621b02b66d098cbca7d7b4f8138e3fb2cc3eb80f3a35ad746ff214242fc96b,01_DFT,calculation_input_or_compact_output
01_DFT/Strain_b_Tension_0.1pct/POSCAR,1600,6e8daba2639f042933fa0419ac8d24286106508be29403fc675642984aed869d,01_DFT,calculation_input_or_compact_output
01_DFT/Strain_b_Tension_0.2pct/CONTCAR,1623,6b8c9e648afc1804afc87ada71b8e899b0836729893946203fb78e987fd5e84b,01_DFT,calculation_input_or_compact_output
01_DFT/Strain_b_Tension_0.2pct/INCAR,2426,d4d4514783eb7a593433974d3bbb132f98672dc8d11ac7a95b38ae16f02e404b,01_DFT,calculation_input_or_compact_output
01_DFT/Strain_b_Tension_0.2pct/KPOINTS,85,cc621b02b66d098cbca7d7b4f8138e3fb2cc3eb80f3a35ad746ff214242fc96b,01_DFT,calculation_input_or_compact_output
01_DFT/Strain_b_Tension_0.2pct/POSCAR,1600,6f130f692eccdccde3410a75f189d9da5612b9bddcf9190863ac02eb4752fca6,01_DFT,calculation_input_or_compact_output
01_DFT/Strain_b_Tension_0.3pct/CONTCAR,1623,bca81a160ec375fa87faebd65792953be61a87f0eda57d87298f32d99f82c413,01_DFT,calculation_input_or_compact_output
01_DFT/Strain_b_Tension_0.3pct/INCAR,2426,d4d4514783eb7a593433974d3bbb132f98672dc8d11ac7a95b38ae16f02e404b,01_DFT,calculation_input_or_compact_output
01_DFT/Strain_b_Tension_0.3pct/KPOINTS,85,cc621b02b66d098cbca7d7b4f8138e3fb2cc3eb80f3a35ad746ff214242fc96b,01_DFT,calculation_input_or_compact_output
01_DFT/Strain_b_Tension_0.3pct/POSCAR,1600,c57712726a2499bf85045485be6472394f1f15eec8ca9beb07d2e150e31c4ac3,01_DFT,calculation_input_or_compact_output
01_DFT/Strain_b_Tension_0.4pct/CONTCAR,1623,cbc6f1e6099014c03d5aaaf826919d0d710541503249db6d3cfe83a6ec1d5df7,01_DFT,calculation_input_or_compact_output
01_DFT/Strain_b_Tension_0.4pct/INCAR,2426,d4d4514783eb7a593433974d3bbb132f98672dc8d11ac7a95b38ae16f02e404b,01_DFT,calculation_input_or_compact_output
01_DFT/Strain_b_Tension_0.4pct/KPOINTS,85,cc621b02b66d098cbca7d7b4f8138e3fb2cc3eb80f3a35ad746ff214242fc96b,01_DFT,calculation_input_or_compact_output
01_DFT/Strain_b_Tension_0.4pct/POSCAR,1600,68ddf56c74dd54b57fb76e7036334baee9bf838047a1fb8ec93ffc26bad034c6,01_DFT,calculation_input_or_compact_output
01_DFT/Strain_b_Tension_0.5pct/CONTCAR,1623,46a86e093563332dcb585de49423d6f150f48db6fb147865d5d96a75ca4d17eb,01_DFT,calculation_input_or_compact_output
01_DFT/Strain_b_Tension_0.5pct/INCAR,2426,d4d4514783eb7a593433974d3bbb132f98672dc8d11ac7a95b38ae16f02e404b,01_DFT,calculation_input_or_compact_output
01_DFT/Strain_b_Tension_0.5pct/KPOINTS,85,cc621b02b66d098cbca7d7b4f8138e3fb2cc3eb80f3a35ad746ff214242fc96b,01_DFT,calculation_input_or_compact_output
01_DFT/Strain_b_Tension_0.5pct/POSCAR,1600,69ef2c0f67ebf7b1fce2b1209360c56cc28a8130f916d9717a476835a995bba4,01_DFT,calculation_input_or_compact_output
02_Wannier_Weyl/data/family_tracks_a.csv,5646,5c63696f3fac5b77004717de57aa4d433d0202e5959fe8c888656baa813da8e1,02_Wannier_Weyl,scientific_data
02_Wannier_Weyl/data/family_tracks_b.csv,5605,1a3d457628e2f1b254911f9017716a7d76eb53163b17330e1359fb946a62acac,02_Wannier_Weyl,scientific_data
02_Wannier_Weyl/data/local_weyl_dispersion_0_a05_b05.csv,156578,f709418cdf8f5c4b3161ee8a6ec14224a35bcd970f7e4bb4219ba0d1ac34c7d6,02_Wannier_Weyl,scientific_data
02_Wannier_Weyl/data/nodes_ab_with_chirality.csv,13456,bc7761b1defa5e8123e71b2be3d5b3fa63f70ef51e6af9bb3988050b24b6a5fb,02_Wannier_Weyl,scientific_data
02_Wannier_Weyl/data/weyl_energy_shift_0pct_reference.csv,143,de8928317636828f64084835c0006aae8629b88f2380639fa385d50e04b8da20,02_Wannier_Weyl,scientific_data
02_Wannier_Weyl/data/weyl_node_relative_displacement_tracks_ab.csv,12041,92a9c2c179df074f7d331110bafa627898671f356a7759d838a5124312f1e45c,02_Wannier_Weyl,scientific_data
02_Wannier_Weyl/data/weyl_pair_distance_a.csv,2112,a618b62c467cb2b840cb89020ac6b8006dd35846e332a9909982714fddea8734,02_Wannier_Weyl,scientific_data
02_Wannier_Weyl/data/weyl_pair_distance_b.csv,2115,6d282806735725e6e15604308882c54701c5ade23373720795a830cba8523745,02_Wannier_Weyl,scientific_data
02_Wannier_Weyl/data/weyl_tilt_ratio_full_scan_ab.csv,31881,c7e7e8071e70d07b2493b4370e6d7734aac2977fb9cd8d8c92e99da44c172c84,02_Wannier_Weyl,scientific_data
02_Wannier_Weyl/data/weyl_tilt_ratio_summary_ab.csv,25372,2a9ea55f02adce2d453abd4ce149bb5569ae997333caa19e0ef25527d7e78032,02_Wannier_Weyl,scientific_data
02_Wannier_Weyl/README.md,1042,60c91a9dbcab3752ca9eae47ca7ed515a2821c50c905619d9a399a6468f064e1,02_Wannier_Weyl,documentation
02_Wannier_Weyl/scripts/relative_trajectory_and_full_tilt_scan_ab.py,34318,d8619256c42926286a8a50fdd5b5ea70e09e386dbc9fbf0d3235015b7a66e0a8,02_Wannier_Weyl,scientific_code
02_Wannier_Weyl/scripts/wannier_hr_linearization_support.py,137036,73bd2fbbe66c2b280adff006ede85b069816a428245ca69cddd5fd96328c2bc2,02_Wannier_Weyl,scientific_code
02_Wannier_Weyl/wannier90/00_Optimized_Structure/wannier90.win,8815,052306241bdcc13ae94c29383b015b0c564e99240f079415e415c25223604e80,02_Wannier_Weyl,calculation_input_or_compact_output
02_Wannier_Weyl/wannier90/Strain_a_Tension_0.1pct/wannier90.win,8814,c353d1767e451daf2f3b70ee66fe20e54e5cbe0fd5e84cbda31d0280057ea2a7,02_Wannier_Weyl,calculation_input_or_compact_output
02_Wannier_Weyl/wannier90/Strain_a_Tension_0.2pct/wannier90.win,8814,6418012f4026b6f95375e7d6374a460de746faaa0492120f4ec5c7715ee34540,02_Wannier_Weyl,calculation_input_or_compact_output
02_Wannier_Weyl/wannier90/Strain_a_Tension_0.3pct/wannier90.win,8814,8fbd7cf05cecb9f5d45e0282d884c0b1358f2df8ece259ed599712db237e183c,02_Wannier_Weyl,calculation_input_or_compact_output
02_Wannier_Weyl/wannier90/Strain_a_Tension_0.4pct/wannier90.win,8814,2b2bbb32c4a6ec1abad3e1d118a5ea732ba233a7ba2c692f484073dd77bc4665,02_Wannier_Weyl,calculation_input_or_compact_output
02_Wannier_Weyl/wannier90/Strain_a_Tension_0.5pct/wannier90.win,8814,6ab0d74a0a8c5340ef98e98ce593a614e177ef5586429c9396c10375120a8344,02_Wannier_Weyl,calculation_input_or_compact_output
02_Wannier_Weyl/wannier90/Strain_b_Tension_0.1pct/wannier90.win,8814,5b29291c2071b21d0d31de4b619046ef4ac6ac42d2027e388476fd934afe9f23,02_Wannier_Weyl,calculation_input_or_compact_output
02_Wannier_Weyl/wannier90/Strain_b_Tension_0.2pct/wannier90.win,8814,0e4c711c7ca100b2c2336a286b6930392c9c02c08e7e8228b12ae4a5e501f428,02_Wannier_Weyl,calculation_input_or_compact_output
02_Wannier_Weyl/wannier90/Strain_b_Tension_0.3pct/wannier90.win,8814,c02cc0441606697e69880f07758cc6de4d2cac27eb8eeeacda10fb7163667b04,02_Wannier_Weyl,calculation_input_or_compact_output
02_Wannier_Weyl/wannier90/Strain_b_Tension_0.4pct/wannier90.win,8814,03999c6b53f3d64f177dcff663344f4df9dd1a651a384e27a4a7a9533c4cb7df,02_Wannier_Weyl,calculation_input_or_compact_output
02_Wannier_Weyl/wannier90/Strain_b_Tension_0.5pct/wannier90.win,8814,c2de57a571f4fc4a8b20d8ef00b808cf9fe323392b38b2652b4a4e027e2f500d,02_Wannier_Weyl,calculation_input_or_compact_output
02_Wannier_Weyl/wanniertools/00_Optimized_Structure/chirality/chirality_result_rows.csv,432,22b6c3018537d6380e2e4ef2683d4ea0147e19a86a14e07a693305a1402199a6,02_Wannier_Weyl,calculation_input_or_compact_output
02_Wannier_Weyl/wanniertools/00_Optimized_Structure/chirality/chirality_status_summary.csv,296,a592af50305df55dc1cd663a298332cd10399e8ac65f8495b04d15cabdad7fdf,02_Wannier_Weyl,calculation_input_or_compact_output
02_Wannier_Weyl/wanniertools/00_Optimized_Structure/chirality/wt.in,1804,e12df8f16a4ee5bc990d1ed8aabc049afc2854d52222a6a2c14f6469a0ce334e,02_Wannier_Weyl,calculation_input_or_compact_output
02_Wannier_Weyl/wanniertools/00_Optimized_Structure/node_search/findnodes_unique_nodes.csv,1981,3556cdbac80a4b5a395a942a9f494299fc4ddffccc2a944bef835ef03931fbd8,02_Wannier_Weyl,calculation_input_or_compact_output
02_Wannier_Weyl/wanniertools/00_Optimized_Structure/node_search/wt.in,1584,14b6fcc35ec863a8463f9c1014fb4ad61bd59a1d4f2cef2e97ee937c9d518b36,02_Wannier_Weyl,calculation_input_or_compact_output
02_Wannier_Weyl/wanniertools/Strain_a_Tension_0.1pct/chirality/chirality_result_rows.csv,436,eaa1618abc5e1c9efd46a15a1556d53c44001f46f4570d554f6401abf6a2b382,02_Wannier_Weyl,calculation_input_or_compact_output
02_Wannier_Weyl/wanniertools/Strain_a_Tension_0.1pct/chirality/chirality_status_summary.csv,298,826abf724b89d988f490c86fb4783d070deeb6a12ef3747362c6ec972e47c72a,02_Wannier_Weyl,calculation_input_or_compact_output
02_Wannier_Weyl/wanniertools/Strain_a_Tension_0.1pct/chirality/wt.in,1804,e74868db621da3561efe29bf77b670e24277ee4cb76844f8098e572580e6dacc,02_Wannier_Weyl,calculation_input_or_compact_output
02_Wannier_Weyl/wanniertools/Strain_a_Tension_0.1pct/node_search/findnodes_unique_nodes.csv,2001,a98c3297b0a8aeb4af1795c992b85310277271d310f35a78f7615c934a44e71f,02_Wannier_Weyl,calculation_input_or_compact_output
02_Wannier_Weyl/wanniertools/Strain_a_Tension_0.1pct/node_search/wt.in,1584,919fe07ab900761fdcb8b138d9c1b580a2bc16ede10562520a8ecfb10f21ea62,02_Wannier_Weyl,calculation_input_or_compact_output
02_Wannier_Weyl/wanniertools/Strain_a_Tension_0.2pct/chirality/chirality_result_rows.csv,435,fa08fadfdbd971051c39a157a89c872fbaea6f29c90046568729230bbf5bb45e,02_Wannier_Weyl,calculation_input_or_compact_output
02_Wannier_Weyl/wanniertools/Strain_a_Tension_0.2pct/chirality/chirality_status_summary.csv,299,5857474a1f77b94362448b1e89a894dbea3e8058b04d07a8f59d78051191b06d,02_Wannier_Weyl,calculation_input_or_compact_output
02_Wannier_Weyl/wanniertools/Strain_a_Tension_0.2pct/chirality/wt.in,1804,dad33ff3bc2d675583682805e2866a3514770d5a140585fe12a84f1f3f6ccdd3,02_Wannier_Weyl,calculation_input_or_compact_output
02_Wannier_Weyl/wanniertools/Strain_a_Tension_0.2pct/node_search/findnodes_unique_nodes.csv,1979,0fead29e1c59ba7ac402e44c2a9b07ee21715f7d2c1724281a80fc50a7879fcb,02_Wannier_Weyl,calculation_input_or_compact_output
02_Wannier_Weyl/wanniertools/Strain_a_Tension_0.2pct/node_search/wt.in,1584,01dd8668a2742872c0b19721f21478a1c4ac0365b82bf2edec66982879ec345f,02_Wannier_Weyl,calculation_input_or_compact_output
02_Wannier_Weyl/wanniertools/Strain_a_Tension_0.3pct/chirality/chirality_result_rows.csv,438,5fbcbeeefc53b54ff3aa5c9df2afc882729ed48de1f0701fb987b5c73520c1db,02_Wannier_Weyl,calculation_input_or_compact_output
02_Wannier_Weyl/wanniertools/Strain_a_Tension_0.3pct/chirality/chirality_status_summary.csv,300,43714eca8b84ff47496a1648f21459a267bedd084399a461b385bbd27b29d136,02_Wannier_Weyl,calculation_input_or_compact_output
02_Wannier_Weyl/wanniertools/Strain_a_Tension_0.3pct/chirality/wt.in,1804,9e7cc57ffcfe65dbf20b47bbbd0d3f881e1b76973be26a1dea6b7bc25412b925,02_Wannier_Weyl,calculation_input_or_compact_output
02_Wannier_Weyl/wanniertools/Strain_a_Tension_0.3pct/node_search/findnodes_unique_nodes.csv,1997,296007eeef63ca94639ce579ca0f7df3bece755e43a3625232521067c44f3c88,02_Wannier_Weyl,calculation_input_or_compact_output
02_Wannier_Weyl/wanniertools/Strain_a_Tension_0.3pct/node_search/wt.in,1584,1f730c22c919b793a9a2db85e96207ee9b1dc64590204084c1a7af23386b13d1,02_Wannier_Weyl,calculation_input_or_compact_output
02_Wannier_Weyl/wanniertools/Strain_a_Tension_0.4pct/chirality/chirality_result_rows.csv,438,a0ae93f5d367c6f9f195753228be51773c9a5c5aa8af034033dc774627bc5542,02_Wannier_Weyl,calculation_input_or_compact_output
02_Wannier_Weyl/wanniertools/Strain_a_Tension_0.4pct/chirality/chirality_status_summary.csv,298,12ceb03335c2ad299bf4734e66f05829951f2196130efb54b4009739c6db9e9b,02_Wannier_Weyl,calculation_input_or_compact_output
02_Wannier_Weyl/wanniertools/Strain_a_Tension_0.4pct/chirality/wt.in,1804,0f893811b60548fa31d2d300a7bf7599e8e0431a3c607edbfcd7ebf1fe6cfe91,02_Wannier_Weyl,calculation_input_or_compact_output
02_Wannier_Weyl/wanniertools/Strain_a_Tension_0.4pct/node_search/findnodes_unique_nodes.csv,1994,79ab8351634450fef1ea61a79c1da8ce61d94b6235716288ac2237f35ec4329a,02_Wannier_Weyl,calculation_input_or_compact_output
02_Wannier_Weyl/wanniertools/Strain_a_Tension_0.4pct/node_search/wt.in,1584,2ebfc476d1e4ab44b41e126ab02ad604f13e83378e6ea5dbfb9c2678ac0a98e8,02_Wannier_Weyl,calculation_input_or_compact_output
02_Wannier_Weyl/wanniertools/Strain_a_Tension_0.5pct/chirality/chirality_result_rows.csv,435,3be88daa9041cdfe689a5faa9f672e3fca44bacfe96f8f4524eae9cbeefa94ac,02_Wannier_Weyl,calculation_input_or_compact_output
02_Wannier_Weyl/wanniertools/Strain_a_Tension_0.5pct/chirality/chirality_status_summary.csv,299,4b0d80ff91b9a5f609141ab1049225c17ee4695f5999963b0a2bf099bf4603be,02_Wannier_Weyl,calculation_input_or_compact_output
02_Wannier_Weyl/wanniertools/Strain_a_Tension_0.5pct/chirality/wt.in,1804,223a1f18a3e187b94e9e6d20cba470996708f33e5e3a19ebe5f87d9d579255e3,02_Wannier_Weyl,calculation_input_or_compact_output
02_Wannier_Weyl/wanniertools/Strain_a_Tension_0.5pct/node_search/findnodes_unique_nodes.csv,1992,41dcf28b2ce3a061cf7223dbf810cb61d4cbc04ac3e13674b1c2e053b69f908f,02_Wannier_Weyl,calculation_input_or_compact_output
02_Wannier_Weyl/wanniertools/Strain_a_Tension_0.5pct/node_search/wt.in,1584,1fb0db784a5374710c2e01de9fcf8f4dd223e843c6ca95ed3a6c6d2f2194836d,02_Wannier_Weyl,calculation_input_or_compact_output
02_Wannier_Weyl/wanniertools/Strain_b_Tension_0.1pct/chirality/chirality_result_rows.csv,439,41e2e9b4b3c1665e1a9cff17a9be7426303bd70c8c58612fa18d831ad00cc2f4,02_Wannier_Weyl,calculation_input_or_compact_output
02_Wannier_Weyl/wanniertools/Strain_b_Tension_0.1pct/chirality/chirality_status_summary.csv,299,1a66338132e04b7a0071455d30e9b1b973ddd5e0cf303573c19d79570eefc85e,02_Wannier_Weyl,calculation_input_or_compact_output
02_Wannier_Weyl/wanniertools/Strain_b_Tension_0.1pct/chirality/wt.in,1804,e7aac03c84f03264dead895986b82caced55de738bbee8d4191e0b0ea66a1083,02_Wannier_Weyl,calculation_input_or_compact_output
02_Wannier_Weyl/wanniertools/Strain_b_Tension_0.1pct/node_search/findnodes_unique_nodes.csv,2002,c7d355a330e02da0400c9d86ff9aef497a82a322ec88b72430db63a79eec79b9,02_Wannier_Weyl,calculation_input_or_compact_output
02_Wannier_Weyl/wanniertools/Strain_b_Tension_0.1pct/node_search/wt.in,1584,fbd60ed36ff867225bf42df03ed17912920a0a6ea48930878b48eb583cce7470,02_Wannier_Weyl,calculation_input_or_compact_output
02_Wannier_Weyl/wanniertools/Strain_b_Tension_0.2pct/chirality/chirality_result_rows.csv,439,8330b17c1eb4ba159eb6dec1132b1b21db1a53d910b3f2af64c643d90f4a327f,02_Wannier_Weyl,calculation_input_or_compact_output
02_Wannier_Weyl/wanniertools/Strain_b_Tension_0.2pct/chirality/chirality_status_summary.csv,299,88fe35ace71f187738db84a97283533c261d0755601fe3179c182f4fd2707a7b,02_Wannier_Weyl,calculation_input_or_compact_output
02_Wannier_Weyl/wanniertools/Strain_b_Tension_0.2pct/chirality/wt.in,1804,ab1971bac6cc79e5ac19c32a28f58c35d8d487d4a01169a9fe2162cb7e1142ae,02_Wannier_Weyl,calculation_input_or_compact_output
02_Wannier_Weyl/wanniertools/Strain_b_Tension_0.2pct/node_search/findnodes_unique_nodes.csv,1989,aed78e593f8c854774805fab84625003ad9646a500f841aab156770f8ceb9b42,02_Wannier_Weyl,calculation_input_or_compact_output
02_Wannier_Weyl/wanniertools/Strain_b_Tension_0.2pct/node_search/wt.in,1584,1063250253c142df933290f402772653bf4057f6636230707a5511f0c6db61ec,02_Wannier_Weyl,calculation_input_or_compact_output
02_Wannier_Weyl/wanniertools/Strain_b_Tension_0.3pct/chirality/chirality_result_rows.csv,435,a39bd84a58a822d2d0fb3f993cbd28e5ddbabd27fcdb244af43ff2f9799fb899,02_Wannier_Weyl,calculation_input_or_compact_output
02_Wannier_Weyl/wanniertools/Strain_b_Tension_0.3pct/chirality/chirality_status_summary.csv,299,0b41748595f70771d6ba3fd776eaf70f4fd8e719f6541b952c8472de8924df7e,02_Wannier_Weyl,calculation_input_or_compact_output
02_Wannier_Weyl/wanniertools/Strain_b_Tension_0.3pct/chirality/wt.in,1804,6bcc9655bbd42d0830c438134c77432f65c83bc9df4ee8b35881de49ebb3a4a5,02_Wannier_Weyl,calculation_input_or_compact_output
02_Wannier_Weyl/wanniertools/Strain_b_Tension_0.3pct/node_search/findnodes_unique_nodes.csv,1990,1bbf7416e7bce9ecceedba335ad1317d7889bb00ce7ed5c86eee3bb78efdd93e,02_Wannier_Weyl,calculation_input_or_compact_output
02_Wannier_Weyl/wanniertools/Strain_b_Tension_0.3pct/node_search/wt.in,1584,ceeb7e24e3de59be8ac1d5e3bc03de657d2efb37fb1ac95846cc03dac62aec43,02_Wannier_Weyl,calculation_input_or_compact_output
02_Wannier_Weyl/wanniertools/Strain_b_Tension_0.4pct/chirality/chirality_result_rows.csv,435,a5a4a066377ae72ae285805513ad2024c6fdfe26a3f519d8cc7d08f318ed1379,02_Wannier_Weyl,calculation_input_or_compact_output
02_Wannier_Weyl/wanniertools/Strain_b_Tension_0.4pct/chirality/chirality_status_summary.csv,299,4caf18e7142395ab0e39b13a028b5af41edc641a24e3daa02f5762371c6df110,02_Wannier_Weyl,calculation_input_or_compact_output
02_Wannier_Weyl/wanniertools/Strain_b_Tension_0.4pct/chirality/wt.in,1804,2845b641d70a7849db9eafdaccebf5e389c7a517f8213997e09306bb4f5c86a6,02_Wannier_Weyl,calculation_input_or_compact_output
02_Wannier_Weyl/wanniertools/Strain_b_Tension_0.4pct/node_search/findnodes_unique_nodes.csv,1990,f9e0dbf4323568ba1b6dbd8eda129a4ca3e75281d997a58053ddf2713e993423,02_Wannier_Weyl,calculation_input_or_compact_output
02_Wannier_Weyl/wanniertools/Strain_b_Tension_0.4pct/node_search/wt.in,1584,149d7d03b6e20e98e1363e4203b20c59156ed17bf0473be6268839b86649b5f7,02_Wannier_Weyl,calculation_input_or_compact_output
02_Wannier_Weyl/wanniertools/Strain_b_Tension_0.5pct/chirality/chirality_result_rows.csv,437,28fd7e73df261bd2fda7a63660269529599d51d57d7a5e37503f049ec74d6d22,02_Wannier_Weyl,calculation_input_or_compact_output
02_Wannier_Weyl/wanniertools/Strain_b_Tension_0.5pct/chirality/chirality_status_summary.csv,299,cdf3b0ea287b5d8bd8518035a153bb92410b34361adf2366796f185a7f80bf56,02_Wannier_Weyl,calculation_input_or_compact_output
02_Wannier_Weyl/wanniertools/Strain_b_Tension_0.5pct/chirality/wt.in,1804,c5b8a6a106fc00ac0623edf5380d2acf25a3ef27ce543662222d7a45f5ae5d24,02_Wannier_Weyl,calculation_input_or_compact_output
02_Wannier_Weyl/wanniertools/Strain_b_Tension_0.5pct/node_search/findnodes_unique_nodes.csv,1998,fbaba614af618406fec1574643cce1d85c550f02cb8d7571c6a65feb1c2c21da,02_Wannier_Weyl,calculation_input_or_compact_output
02_Wannier_Weyl/wanniertools/Strain_b_Tension_0.5pct/node_search/wt.in,1584,409adc098347c32178e56e1803d62d87b03dddade70e16b250c0ef6ecd7282e4,02_Wannier_Weyl,calculation_input_or_compact_output
03_Berry_curvature/data/berry_fixed_region_summary.csv,682,3f5229b60da62711c540a3c7b8b358231d959d570249ca979f38eaa73cd2480b,03_Berry_curvature,scientific_data
03_Berry_curvature/data/maps_81x81/berry_curvature_map_0pct.csv,693228,d49435837378ce82aee67b45ff480d07226eda4e951d24ff54317eecbd4ce8b6,03_Berry_curvature,scientific_data
03_Berry_curvature/data/maps_81x81/berry_curvature_map_a_0p5pct.csv,699334,eb11c9d1a5db1473bc4d81b1cc6d0733ce4d4d8338b158dc5f778d0e035c100a,03_Berry_curvature,scientific_data
03_Berry_curvature/data/maps_81x81/berry_curvature_map_b_0p5pct.csv,699254,c125bf541d99ba6287c1075a76b82b56c69b46445b4ae820f661449385916ad9,03_Berry_curvature,scientific_data
03_Berry_curvature/README.md,952,36d61dae1e52cdd0156c9dfb0c77afde1b2ea971651865471c392496e039b372,03_Berry_curvature,documentation
03_Berry_curvature/scripts/compute_berry_curvature_maps_ab.py,18694,b18563edd922de62ba8b3040016ebcd32ec6d9403d1c88a5b188748c5e308836,03_Berry_curvature,scientific_code
03_Berry_curvature/scripts/compute_fixed_region_statistics.py,2461,c9a6f5d1d0917c34e262e869e9120a00bfba14e14200d6726418dd4358a665f3,03_Berry_curvature,scientific_code
03_Berry_curvature/scripts/wannier_hr_support.py,137036,73bd2fbbe66c2b280adff006ede85b069816a428245ca69cddd5fd96328c2bc2,03_Berry_curvature,scientific_code
04_Optical_conductivity/code/extract_optics_sigma.py,18583,efde07ba44fe68e4126ddbfadbe98c99d864161b4694fe49b9b6f508df8458a3,04_Optical_conductivity,scientific_code
04_Optical_conductivity/code/prepare_sigma_dataset.m,33530,08ffd851bcdfd7e34ec2d42465a94e7c96b06c9fcf73624a70b9cdafacda3127,04_Optical_conductivity,scientific_code
04_Optical_conductivity/data/processed/grids.mat,314467,030e99ca8d2aafd9342e297b7c0c6bac2c047763305a079a69a7040c3bccbd0a,04_Optical_conductivity,scientific_data
04_Optical_conductivity/data/README_sigma_dataset.txt,4341,58fde3adc5ebd4b6c986db4dc271a958cc2bc1bea76ce026df36cb27e62408fb,04_Optical_conductivity,scientific_data
04_Optical_conductivity/data/source_components/a_0p1/A_xy.csv,13666,6dcea2197bb3a5a1070560ebce090ad45830c3831a43d1c3fcfde4ba4b79111c,04_Optical_conductivity,scientific_data
04_Optical_conductivity/data/source_components/a_0p1/S_xx.csv,15956,6d8ee61ba1246b44420fb72806b12ebb9289231e7d0ba9afbe21f60a62d215de,04_Optical_conductivity,scientific_data
04_Optical_conductivity/data/source_components/a_0p1/S_xy.csv,14201,cad3d6c61200f4f75ce7b20e443061bad648423804d84371ce2e54f15749e011,04_Optical_conductivity,scientific_data
04_Optical_conductivity/data/source_components/a_0p1/S_yy.csv,16025,8b82028b4fe3b87f41308e6dfe9b538b5bb8c98ef25bd8c600c5798194413d8d,04_Optical_conductivity,scientific_data
04_Optical_conductivity/data/source_components/a_0p1/sigma_tensor_xy.csv,38459,b0d788fb9d4581eff392025c3c560e19e3abe18f0e260561db0b54f207e25c97,04_Optical_conductivity,scientific_data
04_Optical_conductivity/data/source_components/a_0p2/A_xy.csv,13642,63223d7a625f8e861bfcb48ff6cbac56816f3bc98f62d2206211c161763483f0,04_Optical_conductivity,scientific_data
04_Optical_conductivity/data/source_components/a_0p2/S_xx.csv,15952,786f08ff6b37452362a722d3b0aefc0b201adcd3ac8ad011992808bf31221c00,04_Optical_conductivity,scientific_data
04_Optical_conductivity/data/source_components/a_0p2/S_xy.csv,14160,f6b556cb1aa31f54c99275068901c557a66aba27e05a61ec5205a7275164a4fb,04_Optical_conductivity,scientific_data
04_Optical_conductivity/data/source_components/a_0p2/S_yy.csv,16025,8e525aa4c53d029a74533015e55cd7abb9e47b1b0e47f6e0d01b7db9d01b0b94,04_Optical_conductivity,scientific_data
04_Optical_conductivity/data/source_components/a_0p2/sigma_tensor_xy.csv,38378,54583d7d21672742e2d40c4b87ff934bc944c9b8ebd8d975d7f5c21d5428cdbd,04_Optical_conductivity,scientific_data
04_Optical_conductivity/data/source_components/a_0p3/A_xy.csv,13636,021716ea31a8ca1c99ba6fdb18843f72071d48a068bc43676f20a589dc1a853c,04_Optical_conductivity,scientific_data
04_Optical_conductivity/data/source_components/a_0p3/S_xx.csv,15951,700838a145fec4e09a1d6cd119af7e6e9bc482820ad6ffdbe9239c7959f092f5,04_Optical_conductivity,scientific_data
04_Optical_conductivity/data/source_components/a_0p3/S_xy.csv,14221,526d2cb48b6dd61e3b4b4d75ef28f9faac746aa1a985e9cef9e6b7ade7fb5cc4,04_Optical_conductivity,scientific_data
04_Optical_conductivity/data/source_components/a_0p3/S_yy.csv,16025,140e5ebd40087d3e5c9e61bc1bbbc4f637d7e4def9923b8ebd98734e7186c1d5,04_Optical_conductivity,scientific_data
04_Optical_conductivity/data/source_components/a_0p3/sigma_tensor_xy.csv,38469,20f3598b721d661be4ca73e3d52ad47a516be5c5a186f10def684bca08578b1e,04_Optical_conductivity,scientific_data
04_Optical_conductivity/data/source_components/a_0p4/A_xy.csv,13641,9b6ba38296f05f1c17c64d197059a8f7d62a70893d45585aed3fd23eb4c39450,04_Optical_conductivity,scientific_data
04_Optical_conductivity/data/source_components/a_0p4/S_xx.csv,15950,6139d41540fd294992520764826cd156ee00b3523aee0a973cca2d379f7277ab,04_Optical_conductivity,scientific_data
04_Optical_conductivity/data/source_components/a_0p4/S_xy.csv,14278,077c1ae96c99f49acdb79e902938733a366720c0503d2962540d48ea43af56ed,04_Optical_conductivity,scientific_data
04_Optical_conductivity/data/source_components/a_0p4/S_yy.csv,16024,1cd131e40e4f76bf25fffbbcae0bb91e8568db12f60133a5c937566ed3eb9525,04_Optical_conductivity,scientific_data
04_Optical_conductivity/data/source_components/a_0p4/sigma_tensor_xy.csv,38563,699261225d980b069d240457ccefc67326e29ccee22a81221a7ddea84949478c,04_Optical_conductivity,scientific_data
04_Optical_conductivity/data/source_components/a_0p5/A_xy.csv,13634,36f8e0ce029c5c2d9a050d5079b037dd9d55feac63d6d44ec308e8daf1b8aefc,04_Optical_conductivity,scientific_data
04_Optical_conductivity/data/source_components/a_0p5/S_xx.csv,15949,e41559f6cb63990e67ea87fd1d1b84fd9030a20b9cdf09af881b5703dae9c55e,04_Optical_conductivity,scientific_data
04_Optical_conductivity/data/source_components/a_0p5/S_xy.csv,14289,4fc79c28ce77d57cfe19b74e966fefeee4a099b6f1c4a31a4c4b4c2c2d3d6637,04_Optical_conductivity,scientific_data
04_Optical_conductivity/data/source_components/a_0p5/S_yy.csv,16024,2f6d0bfca228689cb3ae73c629a0512b8db97092abb0f46a0f11c07e9e1b25d2,04_Optical_conductivity,scientific_data
04_Optical_conductivity/data/source_components/a_0p5/sigma_tensor_xy.csv,38591,89baa6f5e2d38288de57b0f20cf58fb29aa1da56b531f6feea88e47c56eba61c,04_Optical_conductivity,scientific_data
04_Optical_conductivity/data/source_components/b_0p1/A_xy.csv,13636,6e555616b629af37ff4277786a451034c179e86738c57456e6e4f361f2508288,04_Optical_conductivity,scientific_data
04_Optical_conductivity/data/source_components/b_0p1/S_xx.csv,15957,543366dbb027ffc5b6a847afcc191b29e338fd33fe44fd0b1a37556666055cf1,04_Optical_conductivity,scientific_data
04_Optical_conductivity/data/source_components/b_0p1/S_xy.csv,14193,e7265d118da1fd71ad0c4662e742a6f53649d856cd97e4503ceb51f7b049c803,04_Optical_conductivity,scientific_data
04_Optical_conductivity/data/source_components/b_0p1/S_yy.csv,16024,e158099d93e4345fa067fb091be173d572258c1d59284192de7313b6c6661c41,04_Optical_conductivity,scientific_data
04_Optical_conductivity/data/source_components/b_0p1/sigma_tensor_xy.csv,37499,bb581d4d6144c2ac70ab364e7e603f6ac16bb0c6787bb6062236a5f5af5ce54a,04_Optical_conductivity,scientific_data
04_Optical_conductivity/data/source_components/b_0p2/A_xy.csv,13679,77e2de4ac8714601c349a7d8f085e72846090e512f3ba6186cbc17d5448ae107,04_Optical_conductivity,scientific_data
04_Optical_conductivity/data/source_components/b_0p2/S_xx.csv,15956,e39cae7a94183bb527b527c6ae624ff78c6c6748cfe31525224c082dfb831c8f,04_Optical_conductivity,scientific_data
04_Optical_conductivity/data/source_components/b_0p2/S_xy.csv,14157,0da895091b25eb7629461a804da9da46e67ff11c66ff5de22b13900b4e8743e6,04_Optical_conductivity,scientific_data
04_Optical_conductivity/data/source_components/b_0p2/S_yy.csv,16023,417e793ce58d8d9f8d9ec92b3949b55e4500bbd54393d6f174cf6d14104f8698,04_Optical_conductivity,scientific_data
04_Optical_conductivity/data/source_components/b_0p2/sigma_tensor_xy.csv,37816,c9a5e41d68749f724c69c22a383328a01ad3f219e44d7dece5010f304e7afedc,04_Optical_conductivity,scientific_data
04_Optical_conductivity/data/source_components/b_0p3/A_xy.csv,13626,26256c8aecb06249573a8c45095fed86f0492676e31254442086505977f5abbc,04_Optical_conductivity,scientific_data
04_Optical_conductivity/data/source_components/b_0p3/S_xx.csv,15958,e6ecf8e97cb125180678c5cb2b977d7ee824c81eb2714a13a55a5a73536eb55d,04_Optical_conductivity,scientific_data
04_Optical_conductivity/data/source_components/b_0p3/S_xy.csv,14111,fd2a9548dfa13474f390e04a33e6a3590433e4e4665e70560bd22c12cadf883b,04_Optical_conductivity,scientific_data
04_Optical_conductivity/data/source_components/b_0p3/S_yy.csv,16023,ec62e77fec9fbd76f58481c7e993552ef549cfa487e6f6a58cb520a9bcf040dd,04_Optical_conductivity,scientific_data
04_Optical_conductivity/data/source_components/b_0p3/sigma_tensor_xy.csv,37535,c291c10bb131a06785ba2de3ce4fc48fa37abaa716ef323e2cbdcf0c979224f0,04_Optical_conductivity,scientific_data
04_Optical_conductivity/data/source_components/b_0p4/A_xy.csv,13687,272ab5e40d11ab530bb6f5b45d7e6630fdddd1735b14201d29c5203630462ac0,04_Optical_conductivity,scientific_data
04_Optical_conductivity/data/source_components/b_0p4/S_xx.csv,15958,852a02ba40e3a6e52c925d1988aa99cb0a30b35dadc136ca1ebcbaf754d0ea8c,04_Optical_conductivity,scientific_data
04_Optical_conductivity/data/source_components/b_0p4/S_xy.csv,14157,2869eb479aebb43787689dfaeb9470954cf91f1f7e1c425b5598bca48f6b07c4,04_Optical_conductivity,scientific_data
04_Optical_conductivity/data/source_components/b_0p4/S_yy.csv,16023,75691621c660edff8cbb991a14b5fb49485f4bb04eaea7797b713622d8eec5c7,04_Optical_conductivity,scientific_data
04_Optical_conductivity/data/source_components/b_0p4/sigma_tensor_xy.csv,37738,061fd2e4d63fb0c964a0cfa9754051ac8911965080c73248aed0cb0ebc0e46b9,04_Optical_conductivity,scientific_data
04_Optical_conductivity/data/source_components/b_0p5/A_xy.csv,13638,efa7c5d1c56d90ee258f5b808b52b55d32d145360bbfe0db970d7d63760a016f,04_Optical_conductivity,scientific_data
04_Optical_conductivity/data/source_components/b_0p5/S_xx.csv,15956,4b37cf569960435235635d34fc8d278adcd05bc467f98a51f3c3476bd8718cb0,04_Optical_conductivity,scientific_data
04_Optical_conductivity/data/source_components/b_0p5/S_xy.csv,14164,f08fe765904fed43492c3f8484628ea2ad592f98bf5c193482f250e86c819624,04_Optical_conductivity,scientific_data
04_Optical_conductivity/data/source_components/b_0p5/S_yy.csv,16022,0852e052c8664ab22d4d0f17e0af27c8697c29c13f5b69376858a010c3afcb9c,04_Optical_conductivity,scientific_data
04_Optical_conductivity/data/source_components/b_0p5/sigma_tensor_xy.csv,37729,7f2e39bcdcf70db22ee8c439589cf5e86faa6440fb6539c52f13e78b0032b6bf,04_Optical_conductivity,scientific_data
04_Optical_conductivity/data/source_components/unstrained/A_xy.csv,13661,bf0548e2c8d8df28426586fb70f5191635ab450a33035013a6c2de18b3dd47a3,04_Optical_conductivity,scientific_data
04_Optical_conductivity/data/source_components/unstrained/S_xx.csv,15957,aba1dfa78833b4a2e00a4454ab117f7db62b2234f429737774c6c7e4a9cf94b8,04_Optical_conductivity,scientific_data
04_Optical_conductivity/data/source_components/unstrained/S_xy.csv,14285,1f6223a97ad46c836ca809493241b9c097a009ba6d96865c86a9705bfdc4cc93,04_Optical_conductivity,scientific_data
04_Optical_conductivity/data/source_components/unstrained/S_yy.csv,16024,8b41a045e9bf1ce5d9adf4a1a68c192f2480bb6022b1d1a1015b1b62a0d8dec7,04_Optical_conductivity,scientific_data
04_Optical_conductivity/data/source_components/unstrained/sigma_tensor_xy.csv,38434,00ae162f49ea53814b187314bfd886d285e24da264b18b5aa1bc294bb9198910,04_Optical_conductivity,scientific_data
04_Optical_conductivity/raw_data/00_Optimized_Structure/wannier90-kubo_A_xy.dat,19649,9dca6efcfb48b31cb782fe942883dc142e3a8acdcf90f9682460601afec1d9ff,04_Optical_conductivity,raw_data
04_Optical_conductivity/raw_data/00_Optimized_Structure/wannier90-kubo_S_xx.dat,19649,a34647ccff7b344c1e6de46cfe9e5d654ed96a48c7f3f286f775120040e18060,04_Optical_conductivity,raw_data
04_Optical_conductivity/raw_data/00_Optimized_Structure/wannier90-kubo_S_xy.dat,19649,b2f94620c892b7d60e5562a7650d49717c1f7799c41a0b9aa7d14239a024a907,04_Optical_conductivity,raw_data
04_Optical_conductivity/raw_data/00_Optimized_Structure/wannier90-kubo_S_yy.dat,19649,005f17adcdda01d41d86a689f6dc8a87924f9aec6276c9c11fb794a6a72dfa95,04_Optical_conductivity,raw_data
04_Optical_conductivity/raw_data/Strain_a_Tension_0.1pct/wannier90-kubo_A_xy.dat,19649,53d2e755f8fead8baecaae95a601c6f850af25a33ce8ca2fce388a227d899236,04_Optical_conductivity,raw_data
04_Optical_conductivity/raw_data/Strain_a_Tension_0.1pct/wannier90-kubo_S_xx.dat,19649,f85f2c851ed3d0d0738ea2ffcd129e60e5c84fe2a1c67c77679c4a07196bcfb6,04_Optical_conductivity,raw_data
04_Optical_conductivity/raw_data/Strain_a_Tension_0.1pct/wannier90-kubo_S_xy.dat,19649,4a69d4d1b2882d985f7202129e8a3adac4a6c4921e2fa43f76cbf4fa11ff8a48,04_Optical_conductivity,raw_data
04_Optical_conductivity/raw_data/Strain_a_Tension_0.1pct/wannier90-kubo_S_yy.dat,19649,6d72144f823c1180e64059dac3fc824446ba0231e9de98c5644adbe1d0436735,04_Optical_conductivity,raw_data
04_Optical_conductivity/raw_data/Strain_a_Tension_0.2pct/wannier90-kubo_A_xy.dat,19649,75502dd5c3b8060dfe1290b965949187f9b94c401baabd9a3a8767e925e1b579,04_Optical_conductivity,raw_data
04_Optical_conductivity/raw_data/Strain_a_Tension_0.2pct/wannier90-kubo_S_xx.dat,19649,8ac2631a92334a896fc917aea9650237ab221a22e04688470a555060e1a19d39,04_Optical_conductivity,raw_data
04_Optical_conductivity/raw_data/Strain_a_Tension_0.2pct/wannier90-kubo_S_xy.dat,19649,9d2452806584d1825f5791e2201cfc3f328f05cf9f9ed891bfb48c0b8bc08166,04_Optical_conductivity,raw_data
04_Optical_conductivity/raw_data/Strain_a_Tension_0.2pct/wannier90-kubo_S_yy.dat,19649,bcab5e42e2a6fc136e2574d59a932dc8c98bbbd20e94cbc5d29a9c9e0bd9bf48,04_Optical_conductivity,raw_data
04_Optical_conductivity/raw_data/Strain_a_Tension_0.3pct/wannier90-kubo_A_xy.dat,19649,a2de4ef65ddb12016e2e4062e734e46a71fb5e25b257c65616275407bb46f1a0,04_Optical_conductivity,raw_data
04_Optical_conductivity/raw_data/Strain_a_Tension_0.3pct/wannier90-kubo_S_xx.dat,19649,a3fd9c155b60879742899e9e142fa848a83c10747d24f4752883111d5d466f44,04_Optical_conductivity,raw_data
04_Optical_conductivity/raw_data/Strain_a_Tension_0.3pct/wannier90-kubo_S_xy.dat,19649,3fe465cb8b0c57eccab0b7ff1e14172d0bfaea4fd71d7c11a0d63dfe07967f59,04_Optical_conductivity,raw_data
04_Optical_conductivity/raw_data/Strain_a_Tension_0.3pct/wannier90-kubo_S_yy.dat,19649,8eb8286502c1ef4e372f40d26580896e0f645bd7221b8fa0daced33c774aa370,04_Optical_conductivity,raw_data
04_Optical_conductivity/raw_data/Strain_a_Tension_0.4pct/wannier90-kubo_A_xy.dat,19649,5a4d467c3c950753c6a4ffd54f2628542d6461471b2e6e2ef2c34e501b1cb7f7,04_Optical_conductivity,raw_data
04_Optical_conductivity/raw_data/Strain_a_Tension_0.4pct/wannier90-kubo_S_xx.dat,19649,40ab93a2ea80f015d0c3f030dc762f7725ef2f012f7b61b6ace304ab0bdc3ce4,04_Optical_conductivity,raw_data
04_Optical_conductivity/raw_data/Strain_a_Tension_0.4pct/wannier90-kubo_S_xy.dat,19649,2dfd0f77a3eef0af99aa13390fbe0f5dcb40fef83d2ba7cf885d7d795e08f0d8,04_Optical_conductivity,raw_data
04_Optical_conductivity/raw_data/Strain_a_Tension_0.4pct/wannier90-kubo_S_yy.dat,19649,606b01be5e4aeace19e3e7ba79f24d5b96d492442b4e7d549829fc473b887e2f,04_Optical_conductivity,raw_data
04_Optical_conductivity/raw_data/Strain_a_Tension_0.5pct/wannier90-kubo_A_xy.dat,19649,411fa8abd22d02d7c33e889baefefb5747b1c37fb189bb84bfa620020f83fffc,04_Optical_conductivity,raw_data
04_Optical_conductivity/raw_data/Strain_a_Tension_0.5pct/wannier90-kubo_S_xx.dat,19649,60204d726d2c999adf4855a9e287c619ccad09a67c58c6cf6f9f4ddc23f50fe6,04_Optical_conductivity,raw_data
04_Optical_conductivity/raw_data/Strain_a_Tension_0.5pct/wannier90-kubo_S_xy.dat,19649,c1bbc1facf5241cb6c8cc0a82d4192832a90b45d1bb145abb4ef3cf564b56dbc,04_Optical_conductivity,raw_data
04_Optical_conductivity/raw_data/Strain_a_Tension_0.5pct/wannier90-kubo_S_yy.dat,19649,b5227f8c9d4474d10d082b1f548ca14cc25c29032d25c7974b36e0fa641b4c14,04_Optical_conductivity,raw_data
04_Optical_conductivity/raw_data/Strain_b_Tension_0.1pct/wannier90-kubo_A_xy.dat,19649,5a7ae833379b5201c88060a33e2c8619ce4c4d86c7672d3124f344b6f5e6fb78,04_Optical_conductivity,raw_data
04_Optical_conductivity/raw_data/Strain_b_Tension_0.1pct/wannier90-kubo_S_xx.dat,19649,d31c5a0272f89789a6c1910f2e50158719cdbf26733890c7da12a656e3ccb1a3,04_Optical_conductivity,raw_data
04_Optical_conductivity/raw_data/Strain_b_Tension_0.1pct/wannier90-kubo_S_xy.dat,19649,04dbd89db2e69f9f881eeac5574345e23fe62264053a0d0827338c975dd7c2cf,04_Optical_conductivity,raw_data
04_Optical_conductivity/raw_data/Strain_b_Tension_0.1pct/wannier90-kubo_S_yy.dat,19649,03518a2908cf18c0a3fca3aa70ae429bd1058afba5bb7550d2782dc2c3b4d78b,04_Optical_conductivity,raw_data
04_Optical_conductivity/raw_data/Strain_b_Tension_0.2pct/wannier90-kubo_A_xy.dat,19649,e3b4d2595b0a02b8b3a658f984cf6b7dac5af2f3e715bab09bbab2e8d5bc9afb,04_Optical_conductivity,raw_data
04_Optical_conductivity/raw_data/Strain_b_Tension_0.2pct/wannier90-kubo_S_xx.dat,19649,9ad683adedfbbf5c5aeb942eba3fe3cb886842577df31d6fb0721deeee039164,04_Optical_conductivity,raw_data
04_Optical_conductivity/raw_data/Strain_b_Tension_0.2pct/wannier90-kubo_S_xy.dat,19649,5fe08bfa96b48129fbaab7c492037f747ba6ce280777be20dfb8a3b86593362d,04_Optical_conductivity,raw_data
04_Optical_conductivity/raw_data/Strain_b_Tension_0.2pct/wannier90-kubo_S_yy.dat,19649,f71fafd046c165c64241e8dac683f3b38d2a178403b7e38fd4cfd0aceb0bfa6c,04_Optical_conductivity,raw_data
04_Optical_conductivity/raw_data/Strain_b_Tension_0.3pct/wannier90-kubo_A_xy.dat,19649,42dfad4dc1e1091be76c7d7b5c4c1c8b07f1443df8786eebfd30913958dac885,04_Optical_conductivity,raw_data
04_Optical_conductivity/raw_data/Strain_b_Tension_0.3pct/wannier90-kubo_S_xx.dat,19649,ee598f3cf02d8687fe6c1cbf6598db3f0bce4be88cb87a13053f534b24e43ef3,04_Optical_conductivity,raw_data
04_Optical_conductivity/raw_data/Strain_b_Tension_0.3pct/wannier90-kubo_S_xy.dat,19649,2f45f8d61b95ef0b267da8292bfed540012f2325ce8dbc6ff7889120a39da200,04_Optical_conductivity,raw_data
04_Optical_conductivity/raw_data/Strain_b_Tension_0.3pct/wannier90-kubo_S_yy.dat,19649,af2175c4c36323a99368c42b25e5a556943808e8a9a52dc034a64ba9f9d9ba15,04_Optical_conductivity,raw_data
04_Optical_conductivity/raw_data/Strain_b_Tension_0.4pct/wannier90-kubo_A_xy.dat,19649,52016f6ea21ab92382ed2ae4e71f57821b3373da15d9c747ea1f4bc8b7cb2c41,04_Optical_conductivity,raw_data
04_Optical_conductivity/raw_data/Strain_b_Tension_0.4pct/wannier90-kubo_S_xx.dat,19649,84eec94962d4f6e975a685e5539d2caa2b6f5366076c7432e0a1df6b05428c5e,04_Optical_conductivity,raw_data
04_Optical_conductivity/raw_data/Strain_b_Tension_0.4pct/wannier90-kubo_S_xy.dat,19649,8cd1072a629f64e049ef155ba53c5b49ba3018e60255414fd298f7b926c77d20,04_Optical_conductivity,raw_data
04_Optical_conductivity/raw_data/Strain_b_Tension_0.4pct/wannier90-kubo_S_yy.dat,19649,f1d89383fd55890b2a975e0c990bdae30afcbd8dd323da0a10d69d6f6c7a8fcd,04_Optical_conductivity,raw_data
04_Optical_conductivity/raw_data/Strain_b_Tension_0.5pct/wannier90-kubo_A_xy.dat,19649,b741388e048310b14e594f1f7ca6c1eedbcd5e6bc9ab866c2218cc9b43d9839c,04_Optical_conductivity,raw_data
04_Optical_conductivity/raw_data/Strain_b_Tension_0.5pct/wannier90-kubo_S_xx.dat,19649,2136f2362ebc884b6cda62398b7729c875edc243e2ae9d9ffbfb20777d587ee5,04_Optical_conductivity,raw_data
04_Optical_conductivity/raw_data/Strain_b_Tension_0.5pct/wannier90-kubo_S_xy.dat,19649,66582b163013821b6bd6fde703764a51659ac76f7559a59582f0aadae5f369f3,04_Optical_conductivity,raw_data
04_Optical_conductivity/raw_data/Strain_b_Tension_0.5pct/wannier90-kubo_S_yy.dat,19649,2fe1f2ead410028730081a4347c529b96197057073a3d61fdb9100f2eff3550a,04_Optical_conductivity,raw_data
04_Optical_conductivity/README.md,1303,5e26c647aedef3a36426d11fce1f2c1f19d5b0a48412a119df24719eb689150a,04_Optical_conductivity,documentation
05_Fresnel_PSHE/data/complex_fresnel_matrix_summary.csv,420235,7ebd7a15f29d93c4e74750a72f7d6ac31f7b49d5e9b1776415f074809c3c53e7,05_Fresnel_PSHE,scientific_data
05_Fresnel_PSHE/data/conductivity_component_substitution.csv,1191152,421941a07b4663e8ff908c2731593b93c7da1cfe817e0d5b1d4775eec69596f2,05_Fresnel_PSHE,scientific_data
05_Fresnel_PSHE/data/selected_workpoint_neighborhood.csv,2453,3ab5f30f5ca86bd96013266f4971542e1d2a04ea4f38f6a6323c67b177728bac,05_Fresnel_PSHE,scientific_data
05_Fresnel_PSHE/data/weak_measurement_ab_metrics.csv,2284,413641dbe66c932a47647484f7e51822f782f8064786622df900a344cd498e77,05_Fresnel_PSHE,scientific_data
05_Fresnel_PSHE/README.md,779,b37d77bf9d1e14ca4bbb3caaac920daa9d08aec87704705fd6cb9dcb1de0e853,05_Fresnel_PSHE,documentation
05_Fresnel_PSHE/scripts/analyze_fresnel_matrix.py,3384,7970f52898421d080de69d5bc55f1d3b664e0995a683cbe0d96df65cf211c1e0,05_Fresnel_PSHE,scientific_code
05_Fresnel_PSHE/scripts/analyze_weak_measurement_response.py,10154,094a7ff7f9b7b98bafd388c881e5badeaf528d6adb57302f0fbfac43ccc9ac2d,05_Fresnel_PSHE,scientific_code
05_Fresnel_PSHE/scripts/run_weak_measurement_workflow_ab.py,67930,d5736f98bd13ca55b909ddb406ed678c7ff399b8ce52ddb50bb7b409ac368792,05_Fresnel_PSHE,scientific_code
06_Strain_estimation/data/final_nested/v30A_full_nested_loocv_fold_results.csv,3783,884443495de846d9c695108fbc958db0895c4e34f90d006b42c77bba77e341c7,06_Strain_estimation,scientific_data
06_Strain_estimation/data/final_nested/v30A_full_nested_loocv_summary.csv,750,4ca23f3c237ca2f763fdb4c86ebe4b7c05fd693b151ca2ecc119aeb05d276023,06_Strain_estimation,scientific_data
06_Strain_estimation/data/final_nested/v30A_full_nested_parameter_selection_by_fold.csv,2524,5373231030f1e31522e7d2fccb0b8308b3c6eb0ece94258be5943ae52a1c93cc,06_Strain_estimation,scientific_data
06_Strain_estimation/data/final_nested/v30A_metric_reproduction_audit.csv,3032,db0224fef4e47d08e0754a1615180f8dd5015ef4c3f8f17b149395a676855054,06_Strain_estimation,scientific_data
06_Strain_estimation/data/supporting_fixed_parameters/v24_a_b_sensitivity_metrics.csv,1720,279f74abae45bd3e8c5b3c91091746645ed446387f6327fec67ae3900f97da54,06_Strain_estimation,scientific_data
06_Strain_estimation/data/supporting_fixed_parameters/v24_angle_protocol_comparison.csv,1333,7fb8839a76e47432c5ac7ad83a0951aea26d681d5cb409630dd29d1e96399208,06_Strain_estimation,scientific_data
06_Strain_estimation/data/supporting_fixed_parameters/v24_feature_correlation_matrix.csv,542,789456574d745643d6faf66ad83800c093565367fffd03569cd6373ad8790407,06_Strain_estimation,scientific_data
06_Strain_estimation/data/supporting_fixed_parameters/v30A_fixed_parameter_fold_details.csv,5442,c01df321445a86ca987db019d63cefbd5d7713a9ba4663172d1a44cb247b3d01,06_Strain_estimation,scientific_data
06_Strain_estimation/data/supporting_fixed_parameters/v30A_model_only_nested_check.csv,4415,c357b767e6e7f1110c8ba072f5119db16d02d47c7a49c83c39845082dc31ab16,06_Strain_estimation,scientific_data
06_Strain_estimation/README.md,822,f09f69432f412956c45173e49cf349735d60adc936fdd3403a2d5bdefede0f0f,06_Strain_estimation,documentation
06_Strain_estimation/scripts/rank_strain_readout_protocols_fit_first.py,16397,58fbd171eb0770c513b932e0bcab8b18972a4bcbd0c8e17d76a26445501dcf9e,06_Strain_estimation,scientific_code
06_Strain_estimation/scripts/run_strain_readout_protocol_screening.py,54433,a39b60649a3264af481c15f913a4ca1c98caac2811a5350e1c5127e85fb53f42,06_Strain_estimation,scientific_code
06_Strain_estimation/scripts/validate_nested_loocv.py,13183,e43e7537a10571ba5ba2c241f330df78d3e3a8eb5dbfa273ff201cd298cf90b5,06_Strain_estimation,scientific_code
documentation/berry_numerical_QA.md,1321,1c70263fb5cc16014f32a609b00dea14f6cf0c9651cda73758cb2d95f869cb3d,documentation,documentation
documentation/excluded_files.md,714,fc8aa0b635b6da088247a8373802011798caddb78edcfa2942506f3a3721c537,documentation,documentation
documentation/public_release_QA.md,1999,741c4bbe8ce18f9d1c8aa8fe106ee640a36123f954ed0733e28670939dbf570f,documentation,documentation
documentation/remaining_repository_tasks.md,136,5292010c61de4d84f2105a1b295dbc24f468eea1ff07473d959a9a368a131333,documentation,documentation
documentation/remote_import_manifest.csv,1004,b4c51792982d37af33c66708635aa35ce0140b2ead32a0149bbf14b4a28d713d,documentation,scientific_data
documentation/repository_consistency_check.md,1802,edd26c01ff11a72ff0836d94148c1760a0eed571819b64f61ecb30c05f293bb1,documentation,documentation
documentation/repository_provenance_map.md,1432,a59561a11d85d8469440f28dc8099da4f7287fb38bd96ce9607737baa4c58537,documentation,documentation
LICENSE,526,ffe15ad1133eef2fcb70a2ec25f3fe119d69f11e510143f4ea68990434e20fe0,repository,license
LICENSE-CODE,1081,ccd3ad4d7a9a63b7bc7ae83b2aaa83dc8b436d9fa47d624a396148ec4431973a,repository,license
LICENSE-DATA,644,921b3e4a9669925998165be82469835b0c7ae5ea8feb618b8fc26772901803cf,repository,license
README.md,3065,86191393756258f216348cd7f12446ee2e0bd200406d0c796d51fd06ed79d40b,repository,documentation
